2025-11-29T12:30:13.980+09:00  INFO 19328 --- [main] com.example.shop.ShopApplication         : Starting ShopApplication using Java 17.0.0.1 with PID 19328 (D:\03.project\coupang\coupang\source\shop-backend\target\classes started by hans in D:\03.project\coupang\coupang\source)
2025-11-29T12:30:13.988+09:00  INFO 19328 --- [main] com.example.shop.ShopApplication         : No active profile set, falling back to 1 default profile: "default"
2025-11-29T12:30:15.747+09:00  INFO 19328 --- [main] .s.d.r.c.RepositoryConfigurationDelegate : Bootstrapping Spring Data JPA repositories in DEFAULT mode.
2025-11-29T12:30:15.948+09:00  INFO 19328 --- [main] .s.d.r.c.RepositoryConfigurationDelegate : Finished Spring Data repository scanning in 186 ms. Found 12 JPA repository interfaces.
2025-11-29T12:30:17.145+09:00  INFO 19328 --- [main] o.s.b.w.embedded.tomcat.TomcatWebServer  : Tomcat initialized with port(s): 8080 (http)
2025-11-29T12:30:17.162+09:00  INFO 19328 --- [main] o.apache.catalina.core.StandardService   : Starting service [Tomcat]
2025-11-29T12:30:17.162+09:00  INFO 19328 --- [main] o.apache.catalina.core.StandardEngine    : Starting Servlet engine: [Apache Tomcat/10.1.1]
2025-11-29T12:30:17.349+09:00  INFO 19328 --- [main] o.a.c.c.C.[Tomcat].[localhost].[/]       : Initializing Spring embedded WebApplicationContext
2025-11-29T12:30:17.350+09:00  INFO 19328 --- [main] w.s.c.ServletWebServerApplicationContext : Root WebApplicationContext: initialization completed in 3277 ms
2025-11-29T12:30:17.492+09:00  INFO 19328 --- [main] com.zaxxer.hikari.HikariDataSource       : HikariPool-1 - Starting...
2025-11-29T12:30:17.703+09:00  INFO 19328 --- [main] com.zaxxer.hikari.pool.HikariPool        : HikariPool-1 - Added connection com.mysql.cj.jdbc.ConnectionImpl@209f3887
2025-11-29T12:30:17.706+09:00  INFO 19328 --- [main] com.zaxxer.hikari.HikariDataSource       : HikariPool-1 - Start completed.
2025-11-29T12:30:18.658+09:00  INFO 19328 --- [main] o.hibernate.jpa.internal.util.LogHelper  : HHH000204: Processing PersistenceUnitInfo [name: default]
2025-11-29T12:30:18.733+09:00  INFO 19328 --- [main] org.hibernate.Version                    : HHH000412: Hibernate ORM core version 6.1.5.Final
2025-11-29T12:30:18.949+09:00  WARN 19328 --- [main] org.hibernate.orm.deprecation            : HHH90000021: Encountered deprecated setting [javax.persistence.sharedCache.mode], use [jakarta.persistence.sharedCache.mode] instead
2025-11-29T12:30:19.103+09:00  INFO 19328 --- [main] SQL dialect                              : HHH000400: Using dialect: org.hibernate.dialect.MySQL8Dialect
2025-11-29T12:30:19.103+09:00  WARN 19328 --- [main] org.hibernate.orm.deprecation            : HHH90000026: MySQL8Dialect has been deprecated; use org.hibernate.dialect.MySQLDialect instead
2025-11-29T12:30:19.937+09:00  INFO 19328 --- [main] o.h.e.t.j.p.i.JtaPlatformInitiator       : HHH000490: Using JtaPlatform implementation: [org.hibernate.engine.transaction.jta.platform.internal.NoJtaPlatform]
2025-11-29T12:30:19.947+09:00  INFO 19328 --- [main] j.LocalContainerEntityManagerFactoryBean : Initialized JPA EntityManagerFactory for persistence unit 'default'
2025-11-29T12:30:20.991+09:00  WARN 19328 --- [main] JpaBaseConfiguration$JpaWebConfiguration : spring.jpa.open-in-view is enabled by default. Therefore, database queries may be performed during view rendering. Explicitly configure spring.jpa.open-in-view to disable this warning
2025-11-29T12:30:21.004+09:00 DEBUG 19328 --- [main] swordEncoderAuthenticationManagerBuilder : No authenticationProviders and no parentAuthenticationManager defined. Returning null.
2025-11-29T12:30:21.319+09:00  INFO 19328 --- [main] o.s.s.web.DefaultSecurityFilterChain     : Will secure any request with [org.springframework.security.web.session.DisableEncodeUrlFilter@709c41da, org.springframework.security.web.context.request.async.WebAsyncManagerIntegrationFilter@6ca9f1d0, org.springframework.security.web.context.SecurityContextHolderFilter@4dea763c, org.springframework.security.web.header.HeaderWriterFilter@72e9c0a0, org.springframework.security.web.authentication.logout.LogoutFilter@4f61c7e1, com.example.shop.config.JwtAuthenticationFilter@61db86bf, org.springframework.security.web.savedrequest.RequestCacheAwareFilter@111ae918, org.springframework.security.web.servletapi.SecurityContextHolderAwareRequestFilter@1786e49f, org.springframework.security.web.authentication.AnonymousAuthenticationFilter@4a467f08, org.springframework.security.web.session.SessionManagementFilter@17d5138, org.springframework.security.web.access.ExceptionTranslationFilter@1104cc93, org.springframework.security.web.access.intercept.AuthorizationFilter@1791670e]
2025-11-29T12:30:21.641+09:00  INFO 19328 --- [main] o.s.b.w.embedded.tomcat.TomcatWebServer  : Tomcat started on port(s): 8080 (http) with context path ''
2025-11-29T12:30:21.651+09:00  INFO 19328 --- [main] com.example.shop.ShopApplication         : Started ShopApplication in 8.337 seconds (process running for 9.035)
2025-11-29T12:53:15.436+09:00  INFO 19328 --- [http-nio-8080-exec-5] o.a.c.c.C.[Tomcat].[localhost].[/]       : Initializing Spring DispatcherServlet 'dispatcherServlet'
2025-11-29T12:53:15.453+09:00  INFO 19328 --- [http-nio-8080-exec-5] o.s.web.servlet.DispatcherServlet        : Initializing Servlet 'dispatcherServlet'
2025-11-29T12:53:15.488+09:00  INFO 19328 --- [http-nio-8080-exec-5] o.s.web.servlet.DispatcherServlet        : Completed initialization in 19 ms
2025-11-29T12:53:15.557+09:00 DEBUG 19328 --- [http-nio-8080-exec-2] o.s.security.web.FilterChainProxy        : Securing GET /api/categories
2025-11-29T12:53:15.562+09:00 DEBUG 19328 --- [http-nio-8080-exec-3] o.s.security.web.FilterChainProxy        : Securing GET /api/products?page=0&size=12
2025-11-29T12:53:15.565+09:00 DEBUG 19328 --- [http-nio-8080-exec-4] o.s.security.web.FilterChainProxy        : Securing GET /api/lightning-deals
2025-11-29T12:53:15.565+09:00 DEBUG 19328 --- [http-nio-8080-exec-1] o.s.security.web.FilterChainProxy        : Securing GET /api/reviews/recent
2025-11-29T12:53:15.566+09:00 DEBUG 19328 --- [http-nio-8080-exec-5] o.s.security.web.FilterChainProxy        : Securing GET /api/keywords/recommended
2025-11-29T12:53:15.635+09:00 DEBUG 19328 --- [http-nio-8080-exec-5] o.s.s.w.a.AnonymousAuthenticationFilter  : Set SecurityContextHolder to anonymous SecurityContext
2025-11-29T12:53:15.635+09:00 DEBUG 19328 --- [http-nio-8080-exec-4] o.s.s.w.a.AnonymousAuthenticationFilter  : Set SecurityContextHolder to anonymous SecurityContext
2025-11-29T12:53:15.636+09:00 DEBUG 19328 --- [http-nio-8080-exec-2] o.s.s.w.a.AnonymousAuthenticationFilter  : Set SecurityContextHolder to anonymous SecurityContext
2025-11-29T12:53:15.636+09:00 DEBUG 19328 --- [http-nio-8080-exec-1] o.s.s.w.a.AnonymousAuthenticationFilter  : Set SecurityContextHolder to anonymous SecurityContext
2025-11-29T12:53:15.635+09:00 DEBUG 19328 --- [http-nio-8080-exec-3] o.s.s.w.a.AnonymousAuthenticationFilter  : Set SecurityContextHolder to anonymous SecurityContext
2025-11-29T12:53:15.763+09:00 DEBUG 19328 --- [http-nio-8080-exec-5] o.s.security.web.FilterChainProxy        : Secured GET /api/keywords/recommended
2025-11-29T12:53:15.764+09:00 DEBUG 19328 --- [http-nio-8080-exec-3] o.s.security.web.FilterChainProxy        : Secured GET /api/products?page=0&size=12
2025-11-29T12:53:15.765+09:00 DEBUG 19328 --- [http-nio-8080-exec-4] o.s.security.web.FilterChainProxy        : Secured GET /api/lightning-deals
2025-11-29T12:53:15.766+09:00 DEBUG 19328 --- [http-nio-8080-exec-1] o.s.security.web.FilterChainProxy        : Secured GET /api/reviews/recent
2025-11-29T12:53:15.769+09:00 DEBUG 19328 --- [http-nio-8080-exec-2] o.s.s.w.a.Http403ForbiddenEntryPoint     : Pre-authenticated entry point called. Rejecting access
2025-11-29T12:53:15.866+09:00 DEBUG 19328 --- [http-nio-8080-exec-2] o.s.security.web.FilterChainProxy        : Securing GET /error
2025-11-29T12:53:16.347+09:00 DEBUG 19328 --- [http-nio-8080-exec-2] o.s.s.w.a.AnonymousAuthenticationFilter  : Set SecurityContextHolder to anonymous SecurityContext
2025-11-29T12:53:16.387+09:00 DEBUG 19328 --- [http-nio-8080-exec-2] o.s.s.w.a.Http403ForbiddenEntryPoint     : Pre-authenticated entry point called. Rejecting access
2025-11-29T12:53:16.471+09:00  INFO 19328 --- [http-nio-8080-exec-3] c.e.s.d.p.controller.ProductController   : getProducts called: categoryId=null, minPrice=null, maxPrice=null, keyword=null, pageable=Page request [number: 0, size 12, sort: UNSORTED]
2025-11-29T12:53:16.631+09:00  INFO 19328 --- [http-nio-8080-exec-3] c.e.s.d.p.s.impl.ProductServiceImpl      : ProductService.getProductList called with: categoryId=null, sort=null, minPrice=null, maxPrice=null, keyword=null, pageable=Page request [number: 0, size 12, sort: UNSORTED]
2025-11-29T12:53:17.307+09:00  WARN 19328 --- [http-nio-8080-exec-1] o.h.engine.jdbc.spi.SqlExceptionHelper   : SQL Error: 1054, SQLState: 42S22
2025-11-29T12:53:17.318+09:00 ERROR 19328 --- [http-nio-8080-exec-1] o.h.engine.jdbc.spi.SqlExceptionHelper   : Unknown column 'r1_0.updated_at' in 'field list'
2025-11-29T12:53:17.372+09:00 ERROR 19328 --- [http-nio-8080-exec-1] c.e.s.g.e.GlobalExceptionHandler         : Unexpected error occurred: 

org.springframework.dao.InvalidDataAccessResourceUsageException: JDBC exception executing SQL [select r1_0.review_id,r1_0.content,r1_0.created_at,r1_0.member_id,r1_0.product_id,r1_0.rating,r1_0.updated_at from review r1_0 order by r1_0.created_at desc limit ?]; SQL [n/a]
	at org.springframework.orm.jpa.vendor.HibernateJpaDialect.convertHibernateAccessException(HibernateJpaDialect.java:257) ~[spring-orm-6.0.2.jar:6.0.2]
	at org.springframework.orm.jpa.vendor.HibernateJpaDialect.translateExceptionIfPossible(HibernateJpaDialect.java:233) ~[spring-orm-6.0.2.jar:6.0.2]
	at org.springframework.orm.jpa.AbstractEntityManagerFactoryBean.translateExceptionIfPossible(AbstractEntityManagerFactoryBean.java:550) ~[spring-orm-6.0.2.jar:6.0.2]
	at org.springframework.dao.support.ChainedPersistenceExceptionTranslator.translateExceptionIfPossible(ChainedPersistenceExceptionTranslator.java:61) ~[spring-tx-6.0.2.jar:6.0.2]
	at org.springframework.dao.support.DataAccessUtils.translateIfNecessary(DataAccessUtils.java:242) ~[spring-tx-6.0.2.jar:6.0.2]
	at org.springframework.dao.support.PersistenceExceptionTranslationInterceptor.invoke(PersistenceExceptionTranslationInterceptor.java:152) ~[spring-tx-6.0.2.jar:6.0.2]
	at org.springframework.aop.framework.ReflectiveMethodInvocation.proceed(ReflectiveMethodInvocation.java:184) ~[spring-aop-6.0.2.jar:6.0.2]
	at org.springframework.data.jpa.repository.support.CrudMethodMetadataPostProcessor$CrudMethodMetadataPopulatingMethodInterceptor.invoke(CrudMethodMetadataPostProcessor.java:134) ~[spring-data-jpa-3.0.0.jar:3.0.0]
	at org.springframework.aop.framework.ReflectiveMethodInvocation.proceed(ReflectiveMethodInvocation.java:184) ~[spring-aop-6.0.2.jar:6.0.2]
	at org.springframework.aop.interceptor.ExposeInvocationInterceptor.invoke(ExposeInvocationInterceptor.java:97) ~[spring-aop-6.0.2.jar:6.0.2]
	at org.springframework.aop.framework.ReflectiveMethodInvocation.proceed(ReflectiveMethodInvocation.java:184) ~[spring-aop-6.0.2.jar:6.0.2]
	at org.springframework.aop.framework.JdkDynamicAopProxy.invoke(JdkDynamicAopProxy.java:218) ~[spring-aop-6.0.2.jar:6.0.2]
	at jdk.proxy2/jdk.proxy2.$Proxy151.findTop3ByOrderByCreatedAtDesc(Unknown Source) ~[na:na]
	at com.example.shop.domain.review.service.impl.ReviewServiceImpl.getRecentReviews(ReviewServiceImpl.java:58) ~[classes/:na]
	at com.example.shop.domain.review.controller.ReviewController.getRecentReviews(ReviewController.java:47) ~[classes/:na]
	at java.base/jdk.internal.reflect.NativeMethodAccessorImpl.invoke0(Native Method) ~[na:na]
	at java.base/jdk.internal.reflect.NativeMethodAccessorImpl.invoke(NativeMethodAccessorImpl.java:77) ~[na:na]
	at java.base/jdk.internal.reflect.DelegatingMethodAccessorImpl.invoke(DelegatingMethodAccessorImpl.java:43) ~[na:na]
	at java.base/java.lang.reflect.Method.invoke(Method.java:568) ~[na:na]
	at org.springframework.web.method.support.InvocableHandlerMethod.doInvoke(InvocableHandlerMethod.java:207) ~[spring-web-6.0.2.jar:6.0.2]
	at org.springframework.web.method.support.InvocableHandlerMethod.invokeForRequest(InvocableHandlerMethod.java:152) ~[spring-web-6.0.2.jar:6.0.2]
	at org.springframework.web.servlet.mvc.method.annotation.ServletInvocableHandlerMethod.invokeAndHandle(ServletInvocableHandlerMethod.java:117) ~[spring-webmvc-6.0.2.jar:6.0.2]
	at org.springframework.web.servlet.mvc.method.annotation.RequestMappingHandlerAdapter.invokeHandlerMethod(RequestMappingHandlerAdapter.java:884) ~[spring-webmvc-6.0.2.jar:6.0.2]
	at org.springframework.web.servlet.mvc.method.annotation.RequestMappingHandlerAdapter.handleInternal(RequestMappingHandlerAdapter.java:797) ~[spring-webmvc-6.0.2.jar:6.0.2]
	at org.springframework.web.servlet.mvc.method.AbstractHandlerMethodAdapter.handle(AbstractHandlerMethodAdapter.java:87) ~[spring-webmvc-6.0.2.jar:6.0.2]
	at org.springframework.web.servlet.DispatcherServlet.doDispatch(DispatcherServlet.java:1080) ~[spring-webmvc-6.0.2.jar:6.0.2]
	at org.springframework.web.servlet.DispatcherServlet.doService(DispatcherServlet.java:973) ~[spring-webmvc-6.0.2.jar:6.0.2]
	at org.springframework.web.servlet.FrameworkServlet.processRequest(FrameworkServlet.java:1003) ~[spring-webmvc-6.0.2.jar:6.0.2]
	at org.springframework.web.servlet.FrameworkServlet.doGet(FrameworkServlet.java:895) ~[spring-webmvc-6.0.2.jar:6.0.2]
	at jakarta.servlet.http.HttpServlet.service(HttpServlet.java:705) ~[tomcat-embed-core-10.1.1.jar:6.0]
	at org.springframework.web.servlet.FrameworkServlet.service(FrameworkServlet.java:880) ~[spring-webmvc-6.0.2.jar:6.0.2]
	at jakarta.servlet.http.HttpServlet.service(HttpServlet.java:814) ~[tomcat-embed-core-10.1.1.jar:6.0]
	at org.apache.catalina.core.ApplicationFilterChain.internalDoFilter(ApplicationFilterChain.java:223) ~[tomcat-embed-core-10.1.1.jar:10.1.1]
	at org.apache.catalina.core.ApplicationFilterChain.doFilter(ApplicationFilterChain.java:158) ~[tomcat-embed-core-10.1.1.jar:10.1.1]
	at org.apache.tomcat.websocket.server.WsFilter.doFilter(WsFilter.java:53) ~[tomcat-embed-websocket-10.1.1.jar:10.1.1]
	at org.apache.catalina.core.ApplicationFilterChain.internalDoFilter(ApplicationFilterChain.java:185) ~[tomcat-embed-core-10.1.1.jar:10.1.1]
	at org.apache.catalina.core.ApplicationFilterChain.doFilter(ApplicationFilterChain.java:158) ~[tomcat-embed-core-10.1.1.jar:10.1.1]
	at org.springframework.web.filter.OncePerRequestFilter.doFilter(OncePerRequestFilter.java:110) ~[spring-web-6.0.2.jar:6.0.2]
	at org.apache.catalina.core.ApplicationFilterChain.internalDoFilter(ApplicationFilterChain.java:185) ~[tomcat-embed-core-10.1.1.jar:10.1.1]
	at org.apache.catalina.core.ApplicationFilterChain.doFilter(ApplicationFilterChain.java:158) ~[tomcat-embed-core-10.1.1.jar:10.1.1]
	at org.springframework.security.web.FilterChainProxy.lambda$doFilterInternal$3(FilterChainProxy.java:231) ~[spring-security-web-6.0.0.jar:6.0.0]
	at org.springframework.security.web.FilterChainProxy$VirtualFilterChain.doFilter(FilterChainProxy.java:365) ~[spring-security-web-6.0.0.jar:6.0.0]
	at org.springframework.security.web.access.intercept.AuthorizationFilter.doFilter(AuthorizationFilter.java:100) ~[spring-security-web-6.0.0.jar:6.0.0]
	at org.springframework.security.web.FilterChainProxy$VirtualFilterChain.doFilter(FilterChainProxy.java:374) ~[spring-security-web-6.0.0.jar:6.0.0]
	at org.springframework.security.web.access.ExceptionTranslationFilter.doFilter(ExceptionTranslationFilter.java:126) ~[spring-security-web-6.0.0.jar:6.0.0]
	at org.springframework.security.web.access.ExceptionTranslationFilter.doFilter(ExceptionTranslationFilter.java:120) ~[spring-security-web-6.0.0.jar:6.0.0]
	at org.springframework.security.web.FilterChainProxy$VirtualFilterChain.doFilter(FilterChainProxy.java:374) ~[spring-security-web-6.0.0.jar:6.0.0]
	at org.springframework.security.web.session.SessionManagementFilter.doFilter(SessionManagementFilter.java:131) ~[spring-security-web-6.0.0.jar:6.0.0]
	at org.springframework.security.web.session.SessionManagementFilter.doFilter(SessionManagementFilter.java:85) ~[spring-security-web-6.0.0.jar:6.0.0]
	at org.springframework.security.web.FilterChainProxy$VirtualFilterChain.doFilter(FilterChainProxy.java:374) ~[spring-security-web-6.0.0.jar:6.0.0]
	at org.springframework.security.web.authentication.AnonymousAuthenticationFilter.doFilter(AnonymousAuthenticationFilter.java:100) ~[spring-security-web-6.0.0.jar:6.0.0]
	at org.springframework.security.web.FilterChainProxy$VirtualFilterChain.doFilter(FilterChainProxy.java:374) ~[spring-security-web-6.0.0.jar:6.0.0]
	at org.springframework.security.web.servletapi.SecurityContextHolderAwareRequestFilter.doFilter(SecurityContextHolderAwareRequestFilter.java:179) ~[spring-security-web-6.0.0.jar:6.0.0]
	at org.springframework.security.web.FilterChainProxy$VirtualFilterChain.doFilter(FilterChainProxy.java:374) ~[spring-security-web-6.0.0.jar:6.0.0]
	at org.springframework.security.web.savedrequest.RequestCacheAwareFilter.doFilter(RequestCacheAwareFilter.java:63) ~[spring-security-web-6.0.0.jar:6.0.0]
	at org.springframework.security.web.FilterChainProxy$VirtualFilterChain.doFilter(FilterChainProxy.java:374) ~[spring-security-web-6.0.0.jar:6.0.0]
	at com.example.shop.config.JwtAuthenticationFilter.doFilterInternal(JwtAuthenticationFilter.java:36) ~[classes/:na]
	at org.springframework.web.filter.OncePerRequestFilter.doFilter(OncePerRequestFilter.java:116) ~[spring-web-6.0.2.jar:6.0.2]
	at org.springframework.security.web.FilterChainProxy$VirtualFilterChain.doFilter(FilterChainProxy.java:374) ~[spring-security-web-6.0.0.jar:6.0.0]
	at org.springframework.security.web.authentication.logout.LogoutFilter.doFilter(LogoutFilter.java:107) ~[spring-security-web-6.0.0.jar:6.0.0]
	at org.springframework.security.web.authentication.logout.LogoutFilter.doFilter(LogoutFilter.java:93) ~[spring-security-web-6.0.0.jar:6.0.0]
	at org.springframework.security.web.FilterChainProxy$VirtualFilterChain.doFilter(FilterChainProxy.java:374) ~[spring-security-web-6.0.0.jar:6.0.0]
	at org.springframework.security.web.header.HeaderWriterFilter.doHeadersAfter(HeaderWriterFilter.java:90) ~[spring-security-web-6.0.0.jar:6.0.0]
	at org.springframework.security.web.header.HeaderWriterFilter.doFilterInternal(HeaderWriterFilter.java:75) ~[spring-security-web-6.0.0.jar:6.0.0]
	at org.springframework.web.filter.OncePerRequestFilter.doFilter(OncePerRequestFilter.java:116) ~[spring-web-6.0.2.jar:6.0.2]
	at org.springframework.security.web.FilterChainProxy$VirtualFilterChain.doFilter(FilterChainProxy.java:374) ~[spring-security-web-6.0.0.jar:6.0.0]
	at org.springframework.security.web.context.SecurityContextHolderFilter.doFilterInternal(SecurityContextHolderFilter.java:69) ~[spring-security-web-6.0.0.jar:6.0.0]
	at org.springframework.web.filter.OncePerRequestFilter.doFilter(OncePerRequestFilter.java:116) ~[spring-web-6.0.2.jar:6.0.2]
	at org.springframework.security.web.FilterChainProxy$VirtualFilterChain.doFilter(FilterChainProxy.java:374) ~[spring-security-web-6.0.0.jar:6.0.0]
	at org.springframework.security.web.context.request.async.WebAsyncManagerIntegrationFilter.doFilterInternal(WebAsyncManagerIntegrationFilter.java:62) ~[spring-security-web-6.0.0.jar:6.0.0]
	at org.springframework.web.filter.OncePerRequestFilter.doFilter(OncePerRequestFilter.java:116) ~[spring-web-6.0.2.jar:6.0.2]
	at org.springframework.security.web.FilterChainProxy$VirtualFilterChain.doFilter(FilterChainProxy.java:374) ~[spring-security-web-6.0.0.jar:6.0.0]
	at org.springframework.security.web.session.DisableEncodeUrlFilter.doFilterInternal(DisableEncodeUrlFilter.java:42) ~[spring-security-web-6.0.0.jar:6.0.0]
	at org.springframework.web.filter.OncePerRequestFilter.doFilter(OncePerRequestFilter.java:116) ~[spring-web-6.0.2.jar:6.0.2]
	at org.springframework.security.web.FilterChainProxy$VirtualFilterChain.doFilter(FilterChainProxy.java:374) ~[spring-security-web-6.0.0.jar:6.0.0]
	at org.springframework.security.web.FilterChainProxy.doFilterInternal(FilterChainProxy.java:233) ~[spring-security-web-6.0.0.jar:6.0.0]
	at org.springframework.security.web.FilterChainProxy.doFilter(FilterChainProxy.java:191) ~[spring-security-web-6.0.0.jar:6.0.0]
	at org.springframework.web.filter.DelegatingFilterProxy.invokeDelegate(DelegatingFilterProxy.java:351) ~[spring-web-6.0.2.jar:6.0.2]
	at org.springframework.web.filter.DelegatingFilterProxy.doFilter(DelegatingFilterProxy.java:267) ~[spring-web-6.0.2.jar:6.0.2]
	at org.apache.catalina.core.ApplicationFilterChain.internalDoFilter(ApplicationFilterChain.java:185) ~[tomcat-embed-core-10.1.1.jar:10.1.1]
	at org.apache.catalina.core.ApplicationFilterChain.doFilter(ApplicationFilterChain.java:158) ~[tomcat-embed-core-10.1.1.jar:10.1.1]
	at org.springframework.web.filter.RequestContextFilter.doFilterInternal(RequestContextFilter.java:100) ~[spring-web-6.0.2.jar:6.0.2]
	at org.springframework.web.filter.OncePerRequestFilter.doFilter(OncePerRequestFilter.java:116) ~[spring-web-6.0.2.jar:6.0.2]
	at org.apache.catalina.core.ApplicationFilterChain.internalDoFilter(ApplicationFilterChain.java:185) ~[tomcat-embed-core-10.1.1.jar:10.1.1]
	at org.apache.catalina.core.ApplicationFilterChain.doFilter(ApplicationFilterChain.java:158) ~[tomcat-embed-core-10.1.1.jar:10.1.1]
	at org.springframework.web.filter.FormContentFilter.doFilterInternal(FormContentFilter.java:93) ~[spring-web-6.0.2.jar:6.0.2]
	at org.springframework.web.filter.OncePerRequestFilter.doFilter(OncePerRequestFilter.java:116) ~[spring-web-6.0.2.jar:6.0.2]
	at org.apache.catalina.core.ApplicationFilterChain.internalDoFilter(ApplicationFilterChain.java:185) ~[tomcat-embed-core-10.1.1.jar:10.1.1]
	at org.apache.catalina.core.ApplicationFilterChain.doFilter(ApplicationFilterChain.java:158) ~[tomcat-embed-core-10.1.1.jar:10.1.1]
	at org.springframework.web.filter.CharacterEncodingFilter.doFilterInternal(CharacterEncodingFilter.java:201) ~[spring-web-6.0.2.jar:6.0.2]
	at org.springframework.web.filter.OncePerRequestFilter.doFilter(OncePerRequestFilter.java:116) ~[spring-web-6.0.2.jar:6.0.2]
	at org.apache.catalina.core.ApplicationFilterChain.internalDoFilter(ApplicationFilterChain.java:185) ~[tomcat-embed-core-10.1.1.jar:10.1.1]
	at org.apache.catalina.core.ApplicationFilterChain.doFilter(ApplicationFilterChain.java:158) ~[tomcat-embed-core-10.1.1.jar:10.1.1]
	at org.apache.catalina.core.StandardWrapperValve.invoke(StandardWrapperValve.java:197) ~[tomcat-embed-core-10.1.1.jar:10.1.1]
	at org.apache.catalina.core.StandardContextValve.invoke(StandardContextValve.java:97) ~[tomcat-embed-core-10.1.1.jar:10.1.1]
	at org.apache.catalina.authenticator.AuthenticatorBase.invoke(AuthenticatorBase.java:542) ~[tomcat-embed-core-10.1.1.jar:10.1.1]
	at org.apache.catalina.core.StandardHostValve.invoke(StandardHostValve.java:119) ~[tomcat-embed-core-10.1.1.jar:10.1.1]
	at org.apache.catalina.valves.ErrorReportValve.invoke(ErrorReportValve.java:92) ~[tomcat-embed-core-10.1.1.jar:10.1.1]
	at org.apache.catalina.core.StandardEngineValve.invoke(StandardEngineValve.java:78) ~[tomcat-embed-core-10.1.1.jar:10.1.1]
	at org.apache.catalina.connector.CoyoteAdapter.service(CoyoteAdapter.java:357) ~[tomcat-embed-core-10.1.1.jar:10.1.1]
	at org.apache.coyote.http11.Http11Processor.service(Http11Processor.java:400) ~[tomcat-embed-core-10.1.1.jar:10.1.1]
	at org.apache.coyote.AbstractProcessorLight.process(AbstractProcessorLight.java:65) ~[tomcat-embed-core-10.1.1.jar:10.1.1]
	at org.apache.coyote.AbstractProtocol$ConnectionHandler.process(AbstractProtocol.java:861) ~[tomcat-embed-core-10.1.1.jar:10.1.1]
	at org.apache.tomcat.util.net.NioEndpoint$SocketProcessor.doRun(NioEndpoint.java:1739) ~[tomcat-embed-core-10.1.1.jar:10.1.1]
	at org.apache.tomcat.util.net.SocketProcessorBase.run(SocketProcessorBase.java:52) ~[tomcat-embed-core-10.1.1.jar:10.1.1]
	at org.apache.tomcat.util.threads.ThreadPoolExecutor.runWorker(ThreadPoolExecutor.java:1191) ~[tomcat-embed-core-10.1.1.jar:10.1.1]
	at org.apache.tomcat.util.threads.ThreadPoolExecutor$Worker.run(ThreadPoolExecutor.java:659) ~[tomcat-embed-core-10.1.1.jar:10.1.1]
	at org.apache.tomcat.util.threads.TaskThread$WrappingRunnable.run(TaskThread.java:61) ~[tomcat-embed-core-10.1.1.jar:10.1.1]
	at java.base/java.lang.Thread.run(Thread.java:833) ~[na:na]
Caused by: org.hibernate.exception.SQLGrammarException: JDBC exception executing SQL [select r1_0.review_id,r1_0.content,r1_0.created_at,r1_0.member_id,r1_0.product_id,r1_0.rating,r1_0.updated_at from review r1_0 order by r1_0.created_at desc limit ?]
	at org.hibernate.exception.internal.SQLExceptionTypeDelegate.convert(SQLExceptionTypeDelegate.java:64) ~[hibernate-core-6.1.5.Final.jar:6.1.5.Final]
	at org.hibernate.exception.internal.StandardSQLExceptionConverter.convert(StandardSQLExceptionConverter.java:56) ~[hibernate-core-6.1.5.Final.jar:6.1.5.Final]
	at org.hibernate.engine.jdbc.spi.SqlExceptionHelper.convert(SqlExceptionHelper.java:109) ~[hibernate-core-6.1.5.Final.jar:6.1.5.Final]
	at org.hibernate.engine.jdbc.spi.SqlExceptionHelper.convert(SqlExceptionHelper.java:95) ~[hibernate-core-6.1.5.Final.jar:6.1.5.Final]
	at org.hibernate.sql.results.jdbc.internal.DeferredResultSetAccess.executeQuery(DeferredResultSetAccess.java:253) ~[hibernate-core-6.1.5.Final.jar:6.1.5.Final]
	at org.hibernate.sql.results.jdbc.internal.DeferredResultSetAccess.getResultSet(DeferredResultSetAccess.java:146) ~[hibernate-core-6.1.5.Final.jar:6.1.5.Final]
	at org.hibernate.sql.results.jdbc.internal.JdbcValuesResultSetImpl.lambda$processNext$0(JdbcValuesResultSetImpl.java:89) ~[hibernate-core-6.1.5.Final.jar:6.1.5.Final]
	at org.hibernate.sql.results.jdbc.internal.JdbcValuesResultSetImpl.advance(JdbcValuesResultSetImpl.java:274) ~[hibernate-core-6.1.5.Final.jar:6.1.5.Final]
	at org.hibernate.sql.results.jdbc.internal.JdbcValuesResultSetImpl.processNext(JdbcValuesResultSetImpl.java:85) ~[hibernate-core-6.1.5.Final.jar:6.1.5.Final]
	at org.hibernate.sql.results.jdbc.internal.AbstractJdbcValues.next(AbstractJdbcValues.java:29) ~[hibernate-core-6.1.5.Final.jar:6.1.5.Final]
	at org.hibernate.sql.results.internal.RowProcessingStateStandardImpl.next(RowProcessingStateStandardImpl.java:89) ~[hibernate-core-6.1.5.Final.jar:6.1.5.Final]
	at org.hibernate.sql.results.spi.ListResultsConsumer.consume(ListResultsConsumer.java:142) ~[hibernate-core-6.1.5.Final.jar:6.1.5.Final]
	at org.hibernate.sql.results.spi.ListResultsConsumer.consume(ListResultsConsumer.java:32) ~[hibernate-core-6.1.5.Final.jar:6.1.5.Final]
	at org.hibernate.sql.exec.internal.JdbcSelectExecutorStandardImpl.doExecuteQuery(JdbcSelectExecutorStandardImpl.java:443) ~[hibernate-core-6.1.5.Final.jar:6.1.5.Final]
	at org.hibernate.sql.exec.internal.JdbcSelectExecutorStandardImpl.executeQuery(JdbcSelectExecutorStandardImpl.java:166) ~[hibernate-core-6.1.5.Final.jar:6.1.5.Final]
	at org.hibernate.sql.exec.internal.JdbcSelectExecutorStandardImpl.list(JdbcSelectExecutorStandardImpl.java:91) ~[hibernate-core-6.1.5.Final.jar:6.1.5.Final]
	at org.hibernate.sql.exec.spi.JdbcSelectExecutor.list(JdbcSelectExecutor.java:31) ~[hibernate-core-6.1.5.Final.jar:6.1.5.Final]
	at org.hibernate.query.sqm.internal.ConcreteSqmSelectQueryPlan.lambda$new$0(ConcreteSqmSelectQueryPlan.java:102) ~[hibernate-core-6.1.5.Final.jar:6.1.5.Final]
	at org.hibernate.query.sqm.internal.ConcreteSqmSelectQueryPlan.withCacheableSqmInterpretation(ConcreteSqmSelectQueryPlan.java:305) ~[hibernate-core-6.1.5.Final.jar:6.1.5.Final]
	at org.hibernate.query.sqm.internal.ConcreteSqmSelectQueryPlan.performList(ConcreteSqmSelectQueryPlan.java:246) ~[hibernate-core-6.1.5.Final.jar:6.1.5.Final]
	at org.hibernate.query.sqm.internal.QuerySqmImpl.doList(QuerySqmImpl.java:546) ~[hibernate-core-6.1.5.Final.jar:6.1.5.Final]
	at org.hibernate.query.spi.AbstractSelectionQuery.list(AbstractSelectionQuery.java:363) ~[hibernate-core-6.1.5.Final.jar:6.1.5.Final]
	at org.hibernate.query.sqm.internal.QuerySqmImpl.list(QuerySqmImpl.java:1032) ~[hibernate-core-6.1.5.Final.jar:6.1.5.Final]
	at org.hibernate.query.Query.getResultList(Query.java:94) ~[hibernate-core-6.1.5.Final.jar:6.1.5.Final]
	at org.springframework.data.jpa.repository.query.JpaQueryExecution$CollectionExecution.doExecute(JpaQueryExecution.java:127) ~[spring-data-jpa-3.0.0.jar:3.0.0]
	at org.springframework.data.jpa.repository.query.JpaQueryExecution.execute(JpaQueryExecution.java:90) ~[spring-data-jpa-3.0.0.jar:3.0.0]
	at org.springframework.data.jpa.repository.query.AbstractJpaQuery.doExecute(AbstractJpaQuery.java:148) ~[spring-data-jpa-3.0.0.jar:3.0.0]
	at org.springframework.data.jpa.repository.query.AbstractJpaQuery.execute(AbstractJpaQuery.java:136) ~[spring-data-jpa-3.0.0.jar:3.0.0]
	at org.springframework.data.repository.core.support.RepositoryMethodInvoker.doInvoke(RepositoryMethodInvoker.java:136) ~[spring-data-commons-3.0.0.jar:3.0.0]
	at org.springframework.data.repository.core.support.RepositoryMethodInvoker.invoke(RepositoryMethodInvoker.java:120) ~[spring-data-commons-3.0.0.jar:3.0.0]
	at org.springframework.data.repository.core.support.QueryExecutorMethodInterceptor.doInvoke(QueryExecutorMethodInterceptor.java:164) ~[spring-data-commons-3.0.0.jar:3.0.0]
	at org.springframework.data.repository.core.support.QueryExecutorMethodInterceptor.invoke(QueryExecutorMethodInterceptor.java:143) ~[spring-data-commons-3.0.0.jar:3.0.0]
	at org.springframework.aop.framework.ReflectiveMethodInvocation.proceed(ReflectiveMethodInvocation.java:184) ~[spring-aop-6.0.2.jar:6.0.2]
	at org.springframework.data.projection.DefaultMethodInvokingMethodInterceptor.invoke(DefaultMethodInvokingMethodInterceptor.java:77) ~[spring-data-commons-3.0.0.jar:3.0.0]
	at org.springframework.aop.framework.ReflectiveMethodInvocation.proceed(ReflectiveMethodInvocation.java:184) ~[spring-aop-6.0.2.jar:6.0.2]
	at org.springframework.transaction.interceptor.TransactionInterceptor$1.proceedWithInvocation(TransactionInterceptor.java:123) ~[spring-tx-6.0.2.jar:6.0.2]
	at org.springframework.transaction.interceptor.TransactionAspectSupport.invokeWithinTransaction(TransactionAspectSupport.java:388) ~[spring-tx-6.0.2.jar:6.0.2]
	at org.springframework.transaction.interceptor.TransactionInterceptor.invoke(TransactionInterceptor.java:119) ~[spring-tx-6.0.2.jar:6.0.2]
	at org.springframework.aop.framework.ReflectiveMethodInvocation.proceed(ReflectiveMethodInvocation.java:184) ~[spring-aop-6.0.2.jar:6.0.2]
	at org.springframework.dao.support.PersistenceExceptionTranslationInterceptor.invoke(PersistenceExceptionTranslationInterceptor.java:137) ~[spring-tx-6.0.2.jar:6.0.2]
	... 103 common frames omitted
Caused by: java.sql.SQLSyntaxErrorException: Unknown column 'r1_0.updated_at' in 'field list'
	at com.mysql.cj.jdbc.exceptions.SQLError.createSQLException(SQLError.java:120) ~[mysql-connector-j-8.0.31.jar:8.0.31]
	at com.mysql.cj.jdbc.exceptions.SQLExceptionsMapping.translateException(SQLExceptionsMapping.java:122) ~[mysql-connector-j-8.0.31.jar:8.0.31]
	at com.mysql.cj.jdbc.ClientPreparedStatement.executeInternal(ClientPreparedStatement.java:916) ~[mysql-connector-j-8.0.31.jar:8.0.31]
	at com.mysql.cj.jdbc.ClientPreparedStatement.executeQuery(ClientPreparedStatement.java:972) ~[mysql-connector-j-8.0.31.jar:8.0.31]
	at com.zaxxer.hikari.pool.ProxyPreparedStatement.executeQuery(ProxyPreparedStatement.java:52) ~[HikariCP-5.0.1.jar:na]
	at com.zaxxer.hikari.pool.HikariProxyPreparedStatement.executeQuery(HikariProxyPreparedStatement.java) ~[HikariCP-5.0.1.jar:na]
	at org.hibernate.sql.results.jdbc.internal.DeferredResultSetAccess.executeQuery(DeferredResultSetAccess.java:217) ~[hibernate-core-6.1.5.Final.jar:6.1.5.Final]
	... 138 common frames omitted

2025-11-29T12:53:17.640+09:00  INFO 19328 --- [http-nio-8080-exec-3] c.e.s.d.p.controller.ProductController   : getProducts result count: 2
2025-11-29T12:53:18.024+09:00 DEBUG 19328 --- [http-nio-8080-exec-6] o.s.security.web.FilterChainProxy        : Securing GET /api/cart
2025-11-29T12:53:18.045+09:00 DEBUG 19328 --- [http-nio-8080-exec-7] o.s.security.web.FilterChainProxy        : Securing GET /api/orders
2025-11-29T12:53:18.045+09:00 DEBUG 19328 --- [http-nio-8080-exec-6] o.s.s.w.a.AnonymousAuthenticationFilter  : Set SecurityContextHolder to anonymous SecurityContext
2025-11-29T12:53:18.052+09:00 DEBUG 19328 --- [http-nio-8080-exec-8] o.s.security.web.FilterChainProxy        : Securing GET /api/reviews/1
2025-11-29T12:53:18.056+09:00 DEBUG 19328 --- [http-nio-8080-exec-7] o.s.s.w.a.AnonymousAuthenticationFilter  : Set SecurityContextHolder to anonymous SecurityContext
2025-11-29T12:53:18.056+09:00 DEBUG 19328 --- [http-nio-8080-exec-8] o.s.s.w.a.AnonymousAuthenticationFilter  : Set SecurityContextHolder to anonymous SecurityContext
2025-11-29T12:53:18.069+09:00 DEBUG 19328 --- [http-nio-8080-exec-6] o.s.security.web.FilterChainProxy        : Secured GET /api/cart
2025-11-29T12:53:18.103+09:00 DEBUG 19328 --- [http-nio-8080-exec-8] o.s.security.web.FilterChainProxy        : Secured GET /api/reviews/1
2025-11-29T12:53:18.105+09:00 DEBUG 19328 --- [http-nio-8080-exec-7] o.s.security.web.FilterChainProxy        : Secured GET /api/orders
2025-11-29T12:53:18.180+09:00  WARN 19328 --- [http-nio-8080-exec-7] o.h.engine.jdbc.spi.SqlExceptionHelper   : SQL Error: 1054, SQLState: 42S22
2025-11-29T12:53:18.186+09:00 ERROR 19328 --- [http-nio-8080-exec-7] o.h.engine.jdbc.spi.SqlExceptionHelper   : Unknown column 'o1_0.updated_at' in 'field list'
2025-11-29T12:53:18.219+09:00 ERROR 19328 --- [http-nio-8080-exec-7] c.e.s.g.e.GlobalExceptionHandler         : Unexpected error occurred: 

org.springframework.dao.InvalidDataAccessResourceUsageException: JDBC exception executing SQL [select o1_0.order_id,o1_0.created_at,o1_0.delivery_fee,o1_0.member_id,o1_0.order_status,o1_0.total_amount,o1_0.updated_at from order_info o1_0]; SQL [n/a]
	at org.springframework.orm.jpa.vendor.HibernateJpaDialect.convertHibernateAccessException(HibernateJpaDialect.java:257) ~[spring-orm-6.0.2.jar:6.0.2]
	at org.springframework.orm.jpa.vendor.HibernateJpaDialect.translateExceptionIfPossible(HibernateJpaDialect.java:233) ~[spring-orm-6.0.2.jar:6.0.2]
	at org.springframework.orm.jpa.AbstractEntityManagerFactoryBean.translateExceptionIfPossible(AbstractEntityManagerFactoryBean.java:550) ~[spring-orm-6.0.2.jar:6.0.2]
	at org.springframework.dao.support.ChainedPersistenceExceptionTranslator.translateExceptionIfPossible(ChainedPersistenceExceptionTranslator.java:61) ~[spring-tx-6.0.2.jar:6.0.2]
	at org.springframework.dao.support.DataAccessUtils.translateIfNecessary(DataAccessUtils.java:242) ~[spring-tx-6.0.2.jar:6.0.2]
	at org.springframework.dao.support.PersistenceExceptionTranslationInterceptor.invoke(PersistenceExceptionTranslationInterceptor.java:152) ~[spring-tx-6.0.2.jar:6.0.2]
	at org.springframework.aop.framework.ReflectiveMethodInvocation.proceed(ReflectiveMethodInvocation.java:184) ~[spring-aop-6.0.2.jar:6.0.2]
	at org.springframework.data.jpa.repository.support.CrudMethodMetadataPostProcessor$CrudMethodMetadataPopulatingMethodInterceptor.invoke(CrudMethodMetadataPostProcessor.java:163) ~[spring-data-jpa-3.0.0.jar:3.0.0]
	at org.springframework.aop.framework.ReflectiveMethodInvocation.proceed(ReflectiveMethodInvocation.java:184) ~[spring-aop-6.0.2.jar:6.0.2]
	at org.springframework.aop.interceptor.ExposeInvocationInterceptor.invoke(ExposeInvocationInterceptor.java:97) ~[spring-aop-6.0.2.jar:6.0.2]
	at org.springframework.aop.framework.ReflectiveMethodInvocation.proceed(ReflectiveMethodInvocation.java:184) ~[spring-aop-6.0.2.jar:6.0.2]
	at org.springframework.aop.framework.JdkDynamicAopProxy.invoke(JdkDynamicAopProxy.java:218) ~[spring-aop-6.0.2.jar:6.0.2]
	at jdk.proxy2/jdk.proxy2.$Proxy149.findAll(Unknown Source) ~[na:na]
	at com.example.shop.domain.order.service.impl.OrderServiceImpl.getOrders(OrderServiceImpl.java:68) ~[classes/:na]
	at java.base/jdk.internal.reflect.NativeMethodAccessorImpl.invoke0(Native Method) ~[na:na]
	at java.base/jdk.internal.reflect.NativeMethodAccessorImpl.invoke(NativeMethodAccessorImpl.java:77) ~[na:na]
	at java.base/jdk.internal.reflect.DelegatingMethodAccessorImpl.invoke(DelegatingMethodAccessorImpl.java:43) ~[na:na]
	at java.base/java.lang.reflect.Method.invoke(Method.java:568) ~[na:na]
	at org.springframework.aop.support.AopUtils.invokeJoinpointUsingReflection(AopUtils.java:343) ~[spring-aop-6.0.2.jar:6.0.2]
	at org.springframework.aop.framework.CglibAopProxy$DynamicAdvisedInterceptor.intercept(CglibAopProxy.java:699) ~[spring-aop-6.0.2.jar:6.0.2]
	at com.example.shop.domain.order.service.impl.OrderServiceImpl$$SpringCGLIB$$0.getOrders(<generated>) ~[classes/:na]
	at com.example.shop.domain.order.controller.OrderController.getOrders(OrderController.java:37) ~[classes/:na]
	at java.base/jdk.internal.reflect.NativeMethodAccessorImpl.invoke0(Native Method) ~[na:na]
	at java.base/jdk.internal.reflect.NativeMethodAccessorImpl.invoke(NativeMethodAccessorImpl.java:77) ~[na:na]
	at java.base/jdk.internal.reflect.DelegatingMethodAccessorImpl.invoke(DelegatingMethodAccessorImpl.java:43) ~[na:na]
	at java.base/java.lang.reflect.Method.invoke(Method.java:568) ~[na:na]
	at org.springframework.web.method.support.InvocableHandlerMethod.doInvoke(InvocableHandlerMethod.java:207) ~[spring-web-6.0.2.jar:6.0.2]
	at org.springframework.web.method.support.InvocableHandlerMethod.invokeForRequest(InvocableHandlerMethod.java:152) ~[spring-web-6.0.2.jar:6.0.2]
	at org.springframework.web.servlet.mvc.method.annotation.ServletInvocableHandlerMethod.invokeAndHandle(ServletInvocableHandlerMethod.java:117) ~[spring-webmvc-6.0.2.jar:6.0.2]
	at org.springframework.web.servlet.mvc.method.annotation.RequestMappingHandlerAdapter.invokeHandlerMethod(RequestMappingHandlerAdapter.java:884) ~[spring-webmvc-6.0.2.jar:6.0.2]
	at org.springframework.web.servlet.mvc.method.annotation.RequestMappingHandlerAdapter.handleInternal(RequestMappingHandlerAdapter.java:797) ~[spring-webmvc-6.0.2.jar:6.0.2]
	at org.springframework.web.servlet.mvc.method.AbstractHandlerMethodAdapter.handle(AbstractHandlerMethodAdapter.java:87) ~[spring-webmvc-6.0.2.jar:6.0.2]
	at org.springframework.web.servlet.DispatcherServlet.doDispatch(DispatcherServlet.java:1080) ~[spring-webmvc-6.0.2.jar:6.0.2]
	at org.springframework.web.servlet.DispatcherServlet.doService(DispatcherServlet.java:973) ~[spring-webmvc-6.0.2.jar:6.0.2]
	at org.springframework.web.servlet.FrameworkServlet.processRequest(FrameworkServlet.java:1003) ~[spring-webmvc-6.0.2.jar:6.0.2]
	at org.springframework.web.servlet.FrameworkServlet.doGet(FrameworkServlet.java:895) ~[spring-webmvc-6.0.2.jar:6.0.2]
	at jakarta.servlet.http.HttpServlet.service(HttpServlet.java:705) ~[tomcat-embed-core-10.1.1.jar:6.0]
	at org.springframework.web.servlet.FrameworkServlet.service(FrameworkServlet.java:880) ~[spring-webmvc-6.0.2.jar:6.0.2]
	at jakarta.servlet.http.HttpServlet.service(HttpServlet.java:814) ~[tomcat-embed-core-10.1.1.jar:6.0]
	at org.apache.catalina.core.ApplicationFilterChain.internalDoFilter(ApplicationFilterChain.java:223) ~[tomcat-embed-core-10.1.1.jar:10.1.1]
	at org.apache.catalina.core.ApplicationFilterChain.doFilter(ApplicationFilterChain.java:158) ~[tomcat-embed-core-10.1.1.jar:10.1.1]
	at org.apache.tomcat.websocket.server.WsFilter.doFilter(WsFilter.java:53) ~[tomcat-embed-websocket-10.1.1.jar:10.1.1]
	at org.apache.catalina.core.ApplicationFilterChain.internalDoFilter(ApplicationFilterChain.java:185) ~[tomcat-embed-core-10.1.1.jar:10.1.1]
	at org.apache.catalina.core.ApplicationFilterChain.doFilter(ApplicationFilterChain.java:158) ~[tomcat-embed-core-10.1.1.jar:10.1.1]
	at org.springframework.web.filter.OncePerRequestFilter.doFilter(OncePerRequestFilter.java:110) ~[spring-web-6.0.2.jar:6.0.2]
	at org.apache.catalina.core.ApplicationFilterChain.internalDoFilter(ApplicationFilterChain.java:185) ~[tomcat-embed-core-10.1.1.jar:10.1.1]
	at org.apache.catalina.core.ApplicationFilterChain.doFilter(ApplicationFilterChain.java:158) ~[tomcat-embed-core-10.1.1.jar:10.1.1]
	at org.springframework.security.web.FilterChainProxy.lambda$doFilterInternal$3(FilterChainProxy.java:231) ~[spring-security-web-6.0.0.jar:6.0.0]
	at org.springframework.security.web.FilterChainProxy$VirtualFilterChain.doFilter(FilterChainProxy.java:365) ~[spring-security-web-6.0.0.jar:6.0.0]
	at org.springframework.security.web.access.intercept.AuthorizationFilter.doFilter(AuthorizationFilter.java:100) ~[spring-security-web-6.0.0.jar:6.0.0]
	at org.springframework.security.web.FilterChainProxy$VirtualFilterChain.doFilter(FilterChainProxy.java:374) ~[spring-security-web-6.0.0.jar:6.0.0]
	at org.springframework.security.web.access.ExceptionTranslationFilter.doFilter(ExceptionTranslationFilter.java:126) ~[spring-security-web-6.0.0.jar:6.0.0]
	at org.springframework.security.web.access.ExceptionTranslationFilter.doFilter(ExceptionTranslationFilter.java:120) ~[spring-security-web-6.0.0.jar:6.0.0]
	at org.springframework.security.web.FilterChainProxy$VirtualFilterChain.doFilter(FilterChainProxy.java:374) ~[spring-security-web-6.0.0.jar:6.0.0]
	at org.springframework.security.web.session.SessionManagementFilter.doFilter(SessionManagementFilter.java:131) ~[spring-security-web-6.0.0.jar:6.0.0]
	at org.springframework.security.web.session.SessionManagementFilter.doFilter(SessionManagementFilter.java:85) ~[spring-security-web-6.0.0.jar:6.0.0]
	at org.springframework.security.web.FilterChainProxy$VirtualFilterChain.doFilter(FilterChainProxy.java:374) ~[spring-security-web-6.0.0.jar:6.0.0]
	at org.springframework.security.web.authentication.AnonymousAuthenticationFilter.doFilter(AnonymousAuthenticationFilter.java:100) ~[spring-security-web-6.0.0.jar:6.0.0]
	at org.springframework.security.web.FilterChainProxy$VirtualFilterChain.doFilter(FilterChainProxy.java:374) ~[spring-security-web-6.0.0.jar:6.0.0]
	at org.springframework.security.web.servletapi.SecurityContextHolderAwareRequestFilter.doFilter(SecurityContextHolderAwareRequestFilter.java:179) ~[spring-security-web-6.0.0.jar:6.0.0]
	at org.springframework.security.web.FilterChainProxy$VirtualFilterChain.doFilter(FilterChainProxy.java:374) ~[spring-security-web-6.0.0.jar:6.0.0]
	at org.springframework.security.web.savedrequest.RequestCacheAwareFilter.doFilter(RequestCacheAwareFilter.java:63) ~[spring-security-web-6.0.0.jar:6.0.0]
	at org.springframework.security.web.FilterChainProxy$VirtualFilterChain.doFilter(FilterChainProxy.java:374) ~[spring-security-web-6.0.0.jar:6.0.0]
	at com.example.shop.config.JwtAuthenticationFilter.doFilterInternal(JwtAuthenticationFilter.java:36) ~[classes/:na]
	at org.springframework.web.filter.OncePerRequestFilter.doFilter(OncePerRequestFilter.java:116) ~[spring-web-6.0.2.jar:6.0.2]
	at org.springframework.security.web.FilterChainProxy$VirtualFilterChain.doFilter(FilterChainProxy.java:374) ~[spring-security-web-6.0.0.jar:6.0.0]
	at org.springframework.security.web.authentication.logout.LogoutFilter.doFilter(LogoutFilter.java:107) ~[spring-security-web-6.0.0.jar:6.0.0]
	at org.springframework.security.web.authentication.logout.LogoutFilter.doFilter(LogoutFilter.java:93) ~[spring-security-web-6.0.0.jar:6.0.0]
	at org.springframework.security.web.FilterChainProxy$VirtualFilterChain.doFilter(FilterChainProxy.java:374) ~[spring-security-web-6.0.0.jar:6.0.0]
	at org.springframework.security.web.header.HeaderWriterFilter.doHeadersAfter(HeaderWriterFilter.java:90) ~[spring-security-web-6.0.0.jar:6.0.0]
	at org.springframework.security.web.header.HeaderWriterFilter.doFilterInternal(HeaderWriterFilter.java:75) ~[spring-security-web-6.0.0.jar:6.0.0]
	at org.springframework.web.filter.OncePerRequestFilter.doFilter(OncePerRequestFilter.java:116) ~[spring-web-6.0.2.jar:6.0.2]
	at org.springframework.security.web.FilterChainProxy$VirtualFilterChain.doFilter(FilterChainProxy.java:374) ~[spring-security-web-6.0.0.jar:6.0.0]
	at org.springframework.security.web.context.SecurityContextHolderFilter.doFilterInternal(SecurityContextHolderFilter.java:69) ~[spring-security-web-6.0.0.jar:6.0.0]
	at org.springframework.web.filter.OncePerRequestFilter.doFilter(OncePerRequestFilter.java:116) ~[spring-web-6.0.2.jar:6.0.2]
	at org.springframework.security.web.FilterChainProxy$VirtualFilterChain.doFilter(FilterChainProxy.java:374) ~[spring-security-web-6.0.0.jar:6.0.0]
	at org.springframework.security.web.context.request.async.WebAsyncManagerIntegrationFilter.doFilterInternal(WebAsyncManagerIntegrationFilter.java:62) ~[spring-security-web-6.0.0.jar:6.0.0]
	at org.springframework.web.filter.OncePerRequestFilter.doFilter(OncePerRequestFilter.java:116) ~[spring-web-6.0.2.jar:6.0.2]
	at org.springframework.security.web.FilterChainProxy$VirtualFilterChain.doFilter(FilterChainProxy.java:374) ~[spring-security-web-6.0.0.jar:6.0.0]
	at org.springframework.security.web.session.DisableEncodeUrlFilter.doFilterInternal(DisableEncodeUrlFilter.java:42) ~[spring-security-web-6.0.0.jar:6.0.0]
	at org.springframework.web.filter.OncePerRequestFilter.doFilter(OncePerRequestFilter.java:116) ~[spring-web-6.0.2.jar:6.0.2]
	at org.springframework.security.web.FilterChainProxy$VirtualFilterChain.doFilter(FilterChainProxy.java:374) ~[spring-security-web-6.0.0.jar:6.0.0]
	at org.springframework.security.web.FilterChainProxy.doFilterInternal(FilterChainProxy.java:233) ~[spring-security-web-6.0.0.jar:6.0.0]
	at org.springframework.security.web.FilterChainProxy.doFilter(FilterChainProxy.java:191) ~[spring-security-web-6.0.0.jar:6.0.0]
	at org.springframework.web.filter.DelegatingFilterProxy.invokeDelegate(DelegatingFilterProxy.java:351) ~[spring-web-6.0.2.jar:6.0.2]
	at org.springframework.web.filter.DelegatingFilterProxy.doFilter(DelegatingFilterProxy.java:267) ~[spring-web-6.0.2.jar:6.0.2]
	at org.apache.catalina.core.ApplicationFilterChain.internalDoFilter(ApplicationFilterChain.java:185) ~[tomcat-embed-core-10.1.1.jar:10.1.1]
	at org.apache.catalina.core.ApplicationFilterChain.doFilter(ApplicationFilterChain.java:158) ~[tomcat-embed-core-10.1.1.jar:10.1.1]
	at org.springframework.web.filter.RequestContextFilter.doFilterInternal(RequestContextFilter.java:100) ~[spring-web-6.0.2.jar:6.0.2]
	at org.springframework.web.filter.OncePerRequestFilter.doFilter(OncePerRequestFilter.java:116) ~[spring-web-6.0.2.jar:6.0.2]
	at org.apache.catalina.core.ApplicationFilterChain.internalDoFilter(ApplicationFilterChain.java:185) ~[tomcat-embed-core-10.1.1.jar:10.1.1]
	at org.apache.catalina.core.ApplicationFilterChain.doFilter(ApplicationFilterChain.java:158) ~[tomcat-embed-core-10.1.1.jar:10.1.1]
	at org.springframework.web.filter.FormContentFilter.doFilterInternal(FormContentFilter.java:93) ~[spring-web-6.0.2.jar:6.0.2]
	at org.springframework.web.filter.OncePerRequestFilter.doFilter(OncePerRequestFilter.java:116) ~[spring-web-6.0.2.jar:6.0.2]
	at org.apache.catalina.core.ApplicationFilterChain.internalDoFilter(ApplicationFilterChain.java:185) ~[tomcat-embed-core-10.1.1.jar:10.1.1]
	at org.apache.catalina.core.ApplicationFilterChain.doFilter(ApplicationFilterChain.java:158) ~[tomcat-embed-core-10.1.1.jar:10.1.1]
	at org.springframework.web.filter.CharacterEncodingFilter.doFilterInternal(CharacterEncodingFilter.java:201) ~[spring-web-6.0.2.jar:6.0.2]
	at org.springframework.web.filter.OncePerRequestFilter.doFilter(OncePerRequestFilter.java:116) ~[spring-web-6.0.2.jar:6.0.2]
	at org.apache.catalina.core.ApplicationFilterChain.internalDoFilter(ApplicationFilterChain.java:185) ~[tomcat-embed-core-10.1.1.jar:10.1.1]
	at org.apache.catalina.core.ApplicationFilterChain.doFilter(ApplicationFilterChain.java:158) ~[tomcat-embed-core-10.1.1.jar:10.1.1]
	at org.apache.catalina.core.StandardWrapperValve.invoke(StandardWrapperValve.java:197) ~[tomcat-embed-core-10.1.1.jar:10.1.1]
	at org.apache.catalina.core.StandardContextValve.invoke(StandardContextValve.java:97) ~[tomcat-embed-core-10.1.1.jar:10.1.1]
	at org.apache.catalina.authenticator.AuthenticatorBase.invoke(AuthenticatorBase.java:542) ~[tomcat-embed-core-10.1.1.jar:10.1.1]
	at org.apache.catalina.core.StandardHostValve.invoke(StandardHostValve.java:119) ~[tomcat-embed-core-10.1.1.jar:10.1.1]
	at org.apache.catalina.valves.ErrorReportValve.invoke(ErrorReportValve.java:92) ~[tomcat-embed-core-10.1.1.jar:10.1.1]
	at org.apache.catalina.core.StandardEngineValve.invoke(StandardEngineValve.java:78) ~[tomcat-embed-core-10.1.1.jar:10.1.1]
	at org.apache.catalina.connector.CoyoteAdapter.service(CoyoteAdapter.java:357) ~[tomcat-embed-core-10.1.1.jar:10.1.1]
	at org.apache.coyote.http11.Http11Processor.service(Http11Processor.java:400) ~[tomcat-embed-core-10.1.1.jar:10.1.1]
	at org.apache.coyote.AbstractProcessorLight.process(AbstractProcessorLight.java:65) ~[tomcat-embed-core-10.1.1.jar:10.1.1]
	at org.apache.coyote.AbstractProtocol$ConnectionHandler.process(AbstractProtocol.java:861) ~[tomcat-embed-core-10.1.1.jar:10.1.1]
	at org.apache.tomcat.util.net.NioEndpoint$SocketProcessor.doRun(NioEndpoint.java:1739) ~[tomcat-embed-core-10.1.1.jar:10.1.1]
	at org.apache.tomcat.util.net.SocketProcessorBase.run(SocketProcessorBase.java:52) ~[tomcat-embed-core-10.1.1.jar:10.1.1]
	at org.apache.tomcat.util.threads.ThreadPoolExecutor.runWorker(ThreadPoolExecutor.java:1191) ~[tomcat-embed-core-10.1.1.jar:10.1.1]
	at org.apache.tomcat.util.threads.ThreadPoolExecutor$Worker.run(ThreadPoolExecutor.java:659) ~[tomcat-embed-core-10.1.1.jar:10.1.1]
	at org.apache.tomcat.util.threads.TaskThread$WrappingRunnable.run(TaskThread.java:61) ~[tomcat-embed-core-10.1.1.jar:10.1.1]
	at java.base/java.lang.Thread.run(Thread.java:833) ~[na:na]
Caused by: org.hibernate.exception.SQLGrammarException: JDBC exception executing SQL [select o1_0.order_id,o1_0.created_at,o1_0.delivery_fee,o1_0.member_id,o1_0.order_status,o1_0.total_amount,o1_0.updated_at from order_info o1_0]
	at org.hibernate.exception.internal.SQLExceptionTypeDelegate.convert(SQLExceptionTypeDelegate.java:64) ~[hibernate-core-6.1.5.Final.jar:6.1.5.Final]
	at org.hibernate.exception.internal.StandardSQLExceptionConverter.convert(StandardSQLExceptionConverter.java:56) ~[hibernate-core-6.1.5.Final.jar:6.1.5.Final]
	at org.hibernate.engine.jdbc.spi.SqlExceptionHelper.convert(SqlExceptionHelper.java:109) ~[hibernate-core-6.1.5.Final.jar:6.1.5.Final]
	at org.hibernate.engine.jdbc.spi.SqlExceptionHelper.convert(SqlExceptionHelper.java:95) ~[hibernate-core-6.1.5.Final.jar:6.1.5.Final]
	at org.hibernate.sql.results.jdbc.internal.DeferredResultSetAccess.executeQuery(DeferredResultSetAccess.java:253) ~[hibernate-core-6.1.5.Final.jar:6.1.5.Final]
	at org.hibernate.sql.results.jdbc.internal.DeferredResultSetAccess.getResultSet(DeferredResultSetAccess.java:146) ~[hibernate-core-6.1.5.Final.jar:6.1.5.Final]
	at org.hibernate.sql.results.jdbc.internal.JdbcValuesResultSetImpl.lambda$processNext$0(JdbcValuesResultSetImpl.java:89) ~[hibernate-core-6.1.5.Final.jar:6.1.5.Final]
	at org.hibernate.sql.results.jdbc.internal.JdbcValuesResultSetImpl.advance(JdbcValuesResultSetImpl.java:274) ~[hibernate-core-6.1.5.Final.jar:6.1.5.Final]
	at org.hibernate.sql.results.jdbc.internal.JdbcValuesResultSetImpl.processNext(JdbcValuesResultSetImpl.java:85) ~[hibernate-core-6.1.5.Final.jar:6.1.5.Final]
	at org.hibernate.sql.results.jdbc.internal.AbstractJdbcValues.next(AbstractJdbcValues.java:29) ~[hibernate-core-6.1.5.Final.jar:6.1.5.Final]
	at org.hibernate.sql.results.internal.RowProcessingStateStandardImpl.next(RowProcessingStateStandardImpl.java:89) ~[hibernate-core-6.1.5.Final.jar:6.1.5.Final]
	at org.hibernate.sql.results.spi.ListResultsConsumer.consume(ListResultsConsumer.java:142) ~[hibernate-core-6.1.5.Final.jar:6.1.5.Final]
	at org.hibernate.sql.results.spi.ListResultsConsumer.consume(ListResultsConsumer.java:32) ~[hibernate-core-6.1.5.Final.jar:6.1.5.Final]
	at org.hibernate.sql.exec.internal.JdbcSelectExecutorStandardImpl.doExecuteQuery(JdbcSelectExecutorStandardImpl.java:443) ~[hibernate-core-6.1.5.Final.jar:6.1.5.Final]
	at org.hibernate.sql.exec.internal.JdbcSelectExecutorStandardImpl.executeQuery(JdbcSelectExecutorStandardImpl.java:166) ~[hibernate-core-6.1.5.Final.jar:6.1.5.Final]
	at org.hibernate.sql.exec.internal.JdbcSelectExecutorStandardImpl.list(JdbcSelectExecutorStandardImpl.java:91) ~[hibernate-core-6.1.5.Final.jar:6.1.5.Final]
	at org.hibernate.sql.exec.spi.JdbcSelectExecutor.list(JdbcSelectExecutor.java:31) ~[hibernate-core-6.1.5.Final.jar:6.1.5.Final]
	at org.hibernate.query.sqm.internal.ConcreteSqmSelectQueryPlan.lambda$new$0(ConcreteSqmSelectQueryPlan.java:102) ~[hibernate-core-6.1.5.Final.jar:6.1.5.Final]
	at org.hibernate.query.sqm.internal.ConcreteSqmSelectQueryPlan.withCacheableSqmInterpretation(ConcreteSqmSelectQueryPlan.java:305) ~[hibernate-core-6.1.5.Final.jar:6.1.5.Final]
	at org.hibernate.query.sqm.internal.ConcreteSqmSelectQueryPlan.performList(ConcreteSqmSelectQueryPlan.java:246) ~[hibernate-core-6.1.5.Final.jar:6.1.5.Final]
	at org.hibernate.query.sqm.internal.QuerySqmImpl.doList(QuerySqmImpl.java:546) ~[hibernate-core-6.1.5.Final.jar:6.1.5.Final]
	at org.hibernate.query.spi.AbstractSelectionQuery.list(AbstractSelectionQuery.java:363) ~[hibernate-core-6.1.5.Final.jar:6.1.5.Final]
	at org.hibernate.query.sqm.internal.QuerySqmImpl.list(QuerySqmImpl.java:1032) ~[hibernate-core-6.1.5.Final.jar:6.1.5.Final]
	at org.hibernate.query.Query.getResultList(Query.java:94) ~[hibernate-core-6.1.5.Final.jar:6.1.5.Final]
	at org.springframework.data.jpa.repository.support.SimpleJpaRepository.findAll(SimpleJpaRepository.java:405) ~[spring-data-jpa-3.0.0.jar:3.0.0]
	at org.springframework.data.jpa.repository.support.SimpleJpaRepository.findAll(SimpleJpaRepository.java:90) ~[spring-data-jpa-3.0.0.jar:3.0.0]
	at java.base/jdk.internal.reflect.NativeMethodAccessorImpl.invoke0(Native Method) ~[na:na]
	at java.base/jdk.internal.reflect.NativeMethodAccessorImpl.invoke(NativeMethodAccessorImpl.java:77) ~[na:na]
	at java.base/jdk.internal.reflect.DelegatingMethodAccessorImpl.invoke(DelegatingMethodAccessorImpl.java:43) ~[na:na]
	at java.base/java.lang.reflect.Method.invoke(Method.java:568) ~[na:na]
	at org.springframework.data.repository.core.support.RepositoryMethodInvoker$RepositoryFragmentMethodInvoker.lambda$new$0(RepositoryMethodInvoker.java:288) ~[spring-data-commons-3.0.0.jar:3.0.0]
	at org.springframework.data.repository.core.support.RepositoryMethodInvoker.doInvoke(RepositoryMethodInvoker.java:136) ~[spring-data-commons-3.0.0.jar:3.0.0]
	at org.springframework.data.repository.core.support.RepositoryMethodInvoker.invoke(RepositoryMethodInvoker.java:120) ~[spring-data-commons-3.0.0.jar:3.0.0]
	at org.springframework.data.repository.core.support.RepositoryComposition$RepositoryFragments.invoke(RepositoryComposition.java:516) ~[spring-data-commons-3.0.0.jar:3.0.0]
	at org.springframework.data.repository.core.support.RepositoryComposition.invoke(RepositoryComposition.java:285) ~[spring-data-commons-3.0.0.jar:3.0.0]
	at org.springframework.data.repository.core.support.RepositoryFactorySupport$ImplementationMethodExecutionInterceptor.invoke(RepositoryFactorySupport.java:628) ~[spring-data-commons-3.0.0.jar:3.0.0]
	at org.springframework.aop.framework.ReflectiveMethodInvocation.proceed(ReflectiveMethodInvocation.java:184) ~[spring-aop-6.0.2.jar:6.0.2]
	at org.springframework.data.repository.core.support.QueryExecutorMethodInterceptor.doInvoke(QueryExecutorMethodInterceptor.java:168) ~[spring-data-commons-3.0.0.jar:3.0.0]
	at org.springframework.data.repository.core.support.QueryExecutorMethodInterceptor.invoke(QueryExecutorMethodInterceptor.java:143) ~[spring-data-commons-3.0.0.jar:3.0.0]
	at org.springframework.aop.framework.ReflectiveMethodInvocation.proceed(ReflectiveMethodInvocation.java:184) ~[spring-aop-6.0.2.jar:6.0.2]
	at org.springframework.data.projection.DefaultMethodInvokingMethodInterceptor.invoke(DefaultMethodInvokingMethodInterceptor.java:77) ~[spring-data-commons-3.0.0.jar:3.0.0]
	at org.springframework.aop.framework.ReflectiveMethodInvocation.proceed(ReflectiveMethodInvocation.java:184) ~[spring-aop-6.0.2.jar:6.0.2]
	at org.springframework.transaction.interceptor.TransactionInterceptor$1.proceedWithInvocation(TransactionInterceptor.java:123) ~[spring-tx-6.0.2.jar:6.0.2]
	at org.springframework.transaction.interceptor.TransactionAspectSupport.invokeWithinTransaction(TransactionAspectSupport.java:388) ~[spring-tx-6.0.2.jar:6.0.2]
	at org.springframework.transaction.interceptor.TransactionInterceptor.invoke(TransactionInterceptor.java:119) ~[spring-tx-6.0.2.jar:6.0.2]
	at org.springframework.aop.framework.ReflectiveMethodInvocation.proceed(ReflectiveMethodInvocation.java:184) ~[spring-aop-6.0.2.jar:6.0.2]
	at org.springframework.dao.support.PersistenceExceptionTranslationInterceptor.invoke(PersistenceExceptionTranslationInterceptor.java:137) ~[spring-tx-6.0.2.jar:6.0.2]
	... 110 common frames omitted
Caused by: java.sql.SQLSyntaxErrorException: Unknown column 'o1_0.updated_at' in 'field list'
	at com.mysql.cj.jdbc.exceptions.SQLError.createSQLException(SQLError.java:120) ~[mysql-connector-j-8.0.31.jar:8.0.31]
	at com.mysql.cj.jdbc.exceptions.SQLExceptionsMapping.translateException(SQLExceptionsMapping.java:122) ~[mysql-connector-j-8.0.31.jar:8.0.31]
	at com.mysql.cj.jdbc.ClientPreparedStatement.executeInternal(ClientPreparedStatement.java:916) ~[mysql-connector-j-8.0.31.jar:8.0.31]
	at com.mysql.cj.jdbc.ClientPreparedStatement.executeQuery(ClientPreparedStatement.java:972) ~[mysql-connector-j-8.0.31.jar:8.0.31]
	at com.zaxxer.hikari.pool.ProxyPreparedStatement.executeQuery(ProxyPreparedStatement.java:52) ~[HikariCP-5.0.1.jar:na]
	at com.zaxxer.hikari.pool.HikariProxyPreparedStatement.executeQuery(HikariProxyPreparedStatement.java) ~[HikariCP-5.0.1.jar:na]
	at org.hibernate.sql.results.jdbc.internal.DeferredResultSetAccess.executeQuery(DeferredResultSetAccess.java:217) ~[hibernate-core-6.1.5.Final.jar:6.1.5.Final]
	... 152 common frames omitted

2025-11-29T12:53:18.245+09:00  WARN 19328 --- [http-nio-8080-exec-8] o.h.engine.jdbc.spi.SqlExceptionHelper   : SQL Error: 1054, SQLState: 42S22
2025-11-29T12:53:18.246+09:00 ERROR 19328 --- [http-nio-8080-exec-8] o.h.engine.jdbc.spi.SqlExceptionHelper   : Unknown column 'r1_0.updated_at' in 'field list'
2025-11-29T12:53:18.262+09:00 ERROR 19328 --- [http-nio-8080-exec-8] c.e.s.g.e.GlobalExceptionHandler         : Unexpected error occurred: 

org.springframework.dao.InvalidDataAccessResourceUsageException: JDBC exception executing SQL [select r1_0.review_id,r1_0.content,r1_0.created_at,r1_0.member_id,r1_0.product_id,r1_0.rating,r1_0.updated_at from review r1_0 where r1_0.product_id=?]; SQL [n/a]
	at org.springframework.orm.jpa.vendor.HibernateJpaDialect.convertHibernateAccessException(HibernateJpaDialect.java:257) ~[spring-orm-6.0.2.jar:6.0.2]
	at org.springframework.orm.jpa.vendor.HibernateJpaDialect.translateExceptionIfPossible(HibernateJpaDialect.java:233) ~[spring-orm-6.0.2.jar:6.0.2]
	at org.springframework.orm.jpa.AbstractEntityManagerFactoryBean.translateExceptionIfPossible(AbstractEntityManagerFactoryBean.java:550) ~[spring-orm-6.0.2.jar:6.0.2]
	at org.springframework.dao.support.ChainedPersistenceExceptionTranslator.translateExceptionIfPossible(ChainedPersistenceExceptionTranslator.java:61) ~[spring-tx-6.0.2.jar:6.0.2]
	at org.springframework.dao.support.DataAccessUtils.translateIfNecessary(DataAccessUtils.java:242) ~[spring-tx-6.0.2.jar:6.0.2]
	at org.springframework.dao.support.PersistenceExceptionTranslationInterceptor.invoke(PersistenceExceptionTranslationInterceptor.java:152) ~[spring-tx-6.0.2.jar:6.0.2]
	at org.springframework.aop.framework.ReflectiveMethodInvocation.proceed(ReflectiveMethodInvocation.java:184) ~[spring-aop-6.0.2.jar:6.0.2]
	at org.springframework.data.jpa.repository.support.CrudMethodMetadataPostProcessor$CrudMethodMetadataPopulatingMethodInterceptor.invoke(CrudMethodMetadataPostProcessor.java:134) ~[spring-data-jpa-3.0.0.jar:3.0.0]
	at org.springframework.aop.framework.ReflectiveMethodInvocation.proceed(ReflectiveMethodInvocation.java:184) ~[spring-aop-6.0.2.jar:6.0.2]
	at org.springframework.aop.interceptor.ExposeInvocationInterceptor.invoke(ExposeInvocationInterceptor.java:97) ~[spring-aop-6.0.2.jar:6.0.2]
	at org.springframework.aop.framework.ReflectiveMethodInvocation.proceed(ReflectiveMethodInvocation.java:184) ~[spring-aop-6.0.2.jar:6.0.2]
	at org.springframework.aop.framework.JdkDynamicAopProxy.invoke(JdkDynamicAopProxy.java:218) ~[spring-aop-6.0.2.jar:6.0.2]
	at jdk.proxy2/jdk.proxy2.$Proxy151.findByProduct_ProductId(Unknown Source) ~[na:na]
	at com.example.shop.domain.review.service.impl.ReviewServiceImpl.getReviewsByProductId(ReviewServiceImpl.java:35) ~[classes/:na]
	at com.example.shop.domain.review.controller.ReviewController.getReviewsByProductId(ReviewController.java:28) ~[classes/:na]
	at java.base/jdk.internal.reflect.NativeMethodAccessorImpl.invoke0(Native Method) ~[na:na]
	at java.base/jdk.internal.reflect.NativeMethodAccessorImpl.invoke(NativeMethodAccessorImpl.java:77) ~[na:na]
	at java.base/jdk.internal.reflect.DelegatingMethodAccessorImpl.invoke(DelegatingMethodAccessorImpl.java:43) ~[na:na]
	at java.base/java.lang.reflect.Method.invoke(Method.java:568) ~[na:na]
	at org.springframework.web.method.support.InvocableHandlerMethod.doInvoke(InvocableHandlerMethod.java:207) ~[spring-web-6.0.2.jar:6.0.2]
	at org.springframework.web.method.support.InvocableHandlerMethod.invokeForRequest(InvocableHandlerMethod.java:152) ~[spring-web-6.0.2.jar:6.0.2]
	at org.springframework.web.servlet.mvc.method.annotation.ServletInvocableHandlerMethod.invokeAndHandle(ServletInvocableHandlerMethod.java:117) ~[spring-webmvc-6.0.2.jar:6.0.2]
	at org.springframework.web.servlet.mvc.method.annotation.RequestMappingHandlerAdapter.invokeHandlerMethod(RequestMappingHandlerAdapter.java:884) ~[spring-webmvc-6.0.2.jar:6.0.2]
	at org.springframework.web.servlet.mvc.method.annotation.RequestMappingHandlerAdapter.handleInternal(RequestMappingHandlerAdapter.java:797) ~[spring-webmvc-6.0.2.jar:6.0.2]
	at org.springframework.web.servlet.mvc.method.AbstractHandlerMethodAdapter.handle(AbstractHandlerMethodAdapter.java:87) ~[spring-webmvc-6.0.2.jar:6.0.2]
	at org.springframework.web.servlet.DispatcherServlet.doDispatch(DispatcherServlet.java:1080) ~[spring-webmvc-6.0.2.jar:6.0.2]
	at org.springframework.web.servlet.DispatcherServlet.doService(DispatcherServlet.java:973) ~[spring-webmvc-6.0.2.jar:6.0.2]
	at org.springframework.web.servlet.FrameworkServlet.processRequest(FrameworkServlet.java:1003) ~[spring-webmvc-6.0.2.jar:6.0.2]
	at org.springframework.web.servlet.FrameworkServlet.doGet(FrameworkServlet.java:895) ~[spring-webmvc-6.0.2.jar:6.0.2]
	at jakarta.servlet.http.HttpServlet.service(HttpServlet.java:705) ~[tomcat-embed-core-10.1.1.jar:6.0]
	at org.springframework.web.servlet.FrameworkServlet.service(FrameworkServlet.java:880) ~[spring-webmvc-6.0.2.jar:6.0.2]
	at jakarta.servlet.http.HttpServlet.service(HttpServlet.java:814) ~[tomcat-embed-core-10.1.1.jar:6.0]
	at org.apache.catalina.core.ApplicationFilterChain.internalDoFilter(ApplicationFilterChain.java:223) ~[tomcat-embed-core-10.1.1.jar:10.1.1]
	at org.apache.catalina.core.ApplicationFilterChain.doFilter(ApplicationFilterChain.java:158) ~[tomcat-embed-core-10.1.1.jar:10.1.1]
	at org.apache.tomcat.websocket.server.WsFilter.doFilter(WsFilter.java:53) ~[tomcat-embed-websocket-10.1.1.jar:10.1.1]
	at org.apache.catalina.core.ApplicationFilterChain.internalDoFilter(ApplicationFilterChain.java:185) ~[tomcat-embed-core-10.1.1.jar:10.1.1]
	at org.apache.catalina.core.ApplicationFilterChain.doFilter(ApplicationFilterChain.java:158) ~[tomcat-embed-core-10.1.1.jar:10.1.1]
	at org.springframework.web.filter.OncePerRequestFilter.doFilter(OncePerRequestFilter.java:110) ~[spring-web-6.0.2.jar:6.0.2]
	at org.apache.catalina.core.ApplicationFilterChain.internalDoFilter(ApplicationFilterChain.java:185) ~[tomcat-embed-core-10.1.1.jar:10.1.1]
	at org.apache.catalina.core.ApplicationFilterChain.doFilter(ApplicationFilterChain.java:158) ~[tomcat-embed-core-10.1.1.jar:10.1.1]
	at org.springframework.security.web.FilterChainProxy.lambda$doFilterInternal$3(FilterChainProxy.java:231) ~[spring-security-web-6.0.0.jar:6.0.0]
	at org.springframework.security.web.FilterChainProxy$VirtualFilterChain.doFilter(FilterChainProxy.java:365) ~[spring-security-web-6.0.0.jar:6.0.0]
	at org.springframework.security.web.access.intercept.AuthorizationFilter.doFilter(AuthorizationFilter.java:100) ~[spring-security-web-6.0.0.jar:6.0.0]
	at org.springframework.security.web.FilterChainProxy$VirtualFilterChain.doFilter(FilterChainProxy.java:374) ~[spring-security-web-6.0.0.jar:6.0.0]
	at org.springframework.security.web.access.ExceptionTranslationFilter.doFilter(ExceptionTranslationFilter.java:126) ~[spring-security-web-6.0.0.jar:6.0.0]
	at org.springframework.security.web.access.ExceptionTranslationFilter.doFilter(ExceptionTranslationFilter.java:120) ~[spring-security-web-6.0.0.jar:6.0.0]
	at org.springframework.security.web.FilterChainProxy$VirtualFilterChain.doFilter(FilterChainProxy.java:374) ~[spring-security-web-6.0.0.jar:6.0.0]
	at org.springframework.security.web.session.SessionManagementFilter.doFilter(SessionManagementFilter.java:131) ~[spring-security-web-6.0.0.jar:6.0.0]
	at org.springframework.security.web.session.SessionManagementFilter.doFilter(SessionManagementFilter.java:85) ~[spring-security-web-6.0.0.jar:6.0.0]
	at org.springframework.security.web.FilterChainProxy$VirtualFilterChain.doFilter(FilterChainProxy.java:374) ~[spring-security-web-6.0.0.jar:6.0.0]
	at org.springframework.security.web.authentication.AnonymousAuthenticationFilter.doFilter(AnonymousAuthenticationFilter.java:100) ~[spring-security-web-6.0.0.jar:6.0.0]
	at org.springframework.security.web.FilterChainProxy$VirtualFilterChain.doFilter(FilterChainProxy.java:374) ~[spring-security-web-6.0.0.jar:6.0.0]
	at org.springframework.security.web.servletapi.SecurityContextHolderAwareRequestFilter.doFilter(SecurityContextHolderAwareRequestFilter.java:179) ~[spring-security-web-6.0.0.jar:6.0.0]
	at org.springframework.security.web.FilterChainProxy$VirtualFilterChain.doFilter(FilterChainProxy.java:374) ~[spring-security-web-6.0.0.jar:6.0.0]
	at org.springframework.security.web.savedrequest.RequestCacheAwareFilter.doFilter(RequestCacheAwareFilter.java:63) ~[spring-security-web-6.0.0.jar:6.0.0]
	at org.springframework.security.web.FilterChainProxy$VirtualFilterChain.doFilter(FilterChainProxy.java:374) ~[spring-security-web-6.0.0.jar:6.0.0]
	at com.example.shop.config.JwtAuthenticationFilter.doFilterInternal(JwtAuthenticationFilter.java:36) ~[classes/:na]
	at org.springframework.web.filter.OncePerRequestFilter.doFilter(OncePerRequestFilter.java:116) ~[spring-web-6.0.2.jar:6.0.2]
	at org.springframework.security.web.FilterChainProxy$VirtualFilterChain.doFilter(FilterChainProxy.java:374) ~[spring-security-web-6.0.0.jar:6.0.0]
	at org.springframework.security.web.authentication.logout.LogoutFilter.doFilter(LogoutFilter.java:107) ~[spring-security-web-6.0.0.jar:6.0.0]
	at org.springframework.security.web.authentication.logout.LogoutFilter.doFilter(LogoutFilter.java:93) ~[spring-security-web-6.0.0.jar:6.0.0]
	at org.springframework.security.web.FilterChainProxy$VirtualFilterChain.doFilter(FilterChainProxy.java:374) ~[spring-security-web-6.0.0.jar:6.0.0]
	at org.springframework.security.web.header.HeaderWriterFilter.doHeadersAfter(HeaderWriterFilter.java:90) ~[spring-security-web-6.0.0.jar:6.0.0]
	at org.springframework.security.web.header.HeaderWriterFilter.doFilterInternal(HeaderWriterFilter.java:75) ~[spring-security-web-6.0.0.jar:6.0.0]
	at org.springframework.web.filter.OncePerRequestFilter.doFilter(OncePerRequestFilter.java:116) ~[spring-web-6.0.2.jar:6.0.2]
	at org.springframework.security.web.FilterChainProxy$VirtualFilterChain.doFilter(FilterChainProxy.java:374) ~[spring-security-web-6.0.0.jar:6.0.0]
	at org.springframework.security.web.context.SecurityContextHolderFilter.doFilterInternal(SecurityContextHolderFilter.java:69) ~[spring-security-web-6.0.0.jar:6.0.0]
	at org.springframework.web.filter.OncePerRequestFilter.doFilter(OncePerRequestFilter.java:116) ~[spring-web-6.0.2.jar:6.0.2]
	at org.springframework.security.web.FilterChainProxy$VirtualFilterChain.doFilter(FilterChainProxy.java:374) ~[spring-security-web-6.0.0.jar:6.0.0]
	at org.springframework.security.web.context.request.async.WebAsyncManagerIntegrationFilter.doFilterInternal(WebAsyncManagerIntegrationFilter.java:62) ~[spring-security-web-6.0.0.jar:6.0.0]
	at org.springframework.web.filter.OncePerRequestFilter.doFilter(OncePerRequestFilter.java:116) ~[spring-web-6.0.2.jar:6.0.2]
	at org.springframework.security.web.FilterChainProxy$VirtualFilterChain.doFilter(FilterChainProxy.java:374) ~[spring-security-web-6.0.0.jar:6.0.0]
	at org.springframework.security.web.session.DisableEncodeUrlFilter.doFilterInternal(DisableEncodeUrlFilter.java:42) ~[spring-security-web-6.0.0.jar:6.0.0]
	at org.springframework.web.filter.OncePerRequestFilter.doFilter(OncePerRequestFilter.java:116) ~[spring-web-6.0.2.jar:6.0.2]
	at org.springframework.security.web.FilterChainProxy$VirtualFilterChain.doFilter(FilterChainProxy.java:374) ~[spring-security-web-6.0.0.jar:6.0.0]
	at org.springframework.security.web.FilterChainProxy.doFilterInternal(FilterChainProxy.java:233) ~[spring-security-web-6.0.0.jar:6.0.0]
	at org.springframework.security.web.FilterChainProxy.doFilter(FilterChainProxy.java:191) ~[spring-security-web-6.0.0.jar:6.0.0]
	at org.springframework.web.filter.DelegatingFilterProxy.invokeDelegate(DelegatingFilterProxy.java:351) ~[spring-web-6.0.2.jar:6.0.2]
	at org.springframework.web.filter.DelegatingFilterProxy.doFilter(DelegatingFilterProxy.java:267) ~[spring-web-6.0.2.jar:6.0.2]
	at org.apache.catalina.core.ApplicationFilterChain.internalDoFilter(ApplicationFilterChain.java:185) ~[tomcat-embed-core-10.1.1.jar:10.1.1]
	at org.apache.catalina.core.ApplicationFilterChain.doFilter(ApplicationFilterChain.java:158) ~[tomcat-embed-core-10.1.1.jar:10.1.1]
	at org.springframework.web.filter.RequestContextFilter.doFilterInternal(RequestContextFilter.java:100) ~[spring-web-6.0.2.jar:6.0.2]
	at org.springframework.web.filter.OncePerRequestFilter.doFilter(OncePerRequestFilter.java:116) ~[spring-web-6.0.2.jar:6.0.2]
	at org.apache.catalina.core.ApplicationFilterChain.internalDoFilter(ApplicationFilterChain.java:185) ~[tomcat-embed-core-10.1.1.jar:10.1.1]
	at org.apache.catalina.core.ApplicationFilterChain.doFilter(ApplicationFilterChain.java:158) ~[tomcat-embed-core-10.1.1.jar:10.1.1]
	at org.springframework.web.filter.FormContentFilter.doFilterInternal(FormContentFilter.java:93) ~[spring-web-6.0.2.jar:6.0.2]
	at org.springframework.web.filter.OncePerRequestFilter.doFilter(OncePerRequestFilter.java:116) ~[spring-web-6.0.2.jar:6.0.2]
	at org.apache.catalina.core.ApplicationFilterChain.internalDoFilter(ApplicationFilterChain.java:185) ~[tomcat-embed-core-10.1.1.jar:10.1.1]
	at org.apache.catalina.core.ApplicationFilterChain.doFilter(ApplicationFilterChain.java:158) ~[tomcat-embed-core-10.1.1.jar:10.1.1]
	at org.springframework.web.filter.CharacterEncodingFilter.doFilterInternal(CharacterEncodingFilter.java:201) ~[spring-web-6.0.2.jar:6.0.2]
	at org.springframework.web.filter.OncePerRequestFilter.doFilter(OncePerRequestFilter.java:116) ~[spring-web-6.0.2.jar:6.0.2]
	at org.apache.catalina.core.ApplicationFilterChain.internalDoFilter(ApplicationFilterChain.java:185) ~[tomcat-embed-core-10.1.1.jar:10.1.1]
	at org.apache.catalina.core.ApplicationFilterChain.doFilter(ApplicationFilterChain.java:158) ~[tomcat-embed-core-10.1.1.jar:10.1.1]
	at org.apache.catalina.core.StandardWrapperValve.invoke(StandardWrapperValve.java:197) ~[tomcat-embed-core-10.1.1.jar:10.1.1]
	at org.apache.catalina.core.StandardContextValve.invoke(StandardContextValve.java:97) ~[tomcat-embed-core-10.1.1.jar:10.1.1]
	at org.apache.catalina.authenticator.AuthenticatorBase.invoke(AuthenticatorBase.java:542) ~[tomcat-embed-core-10.1.1.jar:10.1.1]
	at org.apache.catalina.core.StandardHostValve.invoke(StandardHostValve.java:119) ~[tomcat-embed-core-10.1.1.jar:10.1.1]
	at org.apache.catalina.valves.ErrorReportValve.invoke(ErrorReportValve.java:92) ~[tomcat-embed-core-10.1.1.jar:10.1.1]
	at org.apache.catalina.core.StandardEngineValve.invoke(StandardEngineValve.java:78) ~[tomcat-embed-core-10.1.1.jar:10.1.1]
	at org.apache.catalina.connector.CoyoteAdapter.service(CoyoteAdapter.java:357) ~[tomcat-embed-core-10.1.1.jar:10.1.1]
	at org.apache.coyote.http11.Http11Processor.service(Http11Processor.java:400) ~[tomcat-embed-core-10.1.1.jar:10.1.1]
	at org.apache.coyote.AbstractProcessorLight.process(AbstractProcessorLight.java:65) ~[tomcat-embed-core-10.1.1.jar:10.1.1]
	at org.apache.coyote.AbstractProtocol$ConnectionHandler.process(AbstractProtocol.java:861) ~[tomcat-embed-core-10.1.1.jar:10.1.1]
	at org.apache.tomcat.util.net.NioEndpoint$SocketProcessor.doRun(NioEndpoint.java:1739) ~[tomcat-embed-core-10.1.1.jar:10.1.1]
	at org.apache.tomcat.util.net.SocketProcessorBase.run(SocketProcessorBase.java:52) ~[tomcat-embed-core-10.1.1.jar:10.1.1]
	at org.apache.tomcat.util.threads.ThreadPoolExecutor.runWorker(ThreadPoolExecutor.java:1191) ~[tomcat-embed-core-10.1.1.jar:10.1.1]
	at org.apache.tomcat.util.threads.ThreadPoolExecutor$Worker.run(ThreadPoolExecutor.java:659) ~[tomcat-embed-core-10.1.1.jar:10.1.1]
	at org.apache.tomcat.util.threads.TaskThread$WrappingRunnable.run(TaskThread.java:61) ~[tomcat-embed-core-10.1.1.jar:10.1.1]
	at java.base/java.lang.Thread.run(Thread.java:833) ~[na:na]
Caused by: org.hibernate.exception.SQLGrammarException: JDBC exception executing SQL [select r1_0.review_id,r1_0.content,r1_0.created_at,r1_0.member_id,r1_0.product_id,r1_0.rating,r1_0.updated_at from review r1_0 where r1_0.product_id=?]
	at org.hibernate.exception.internal.SQLExceptionTypeDelegate.convert(SQLExceptionTypeDelegate.java:64) ~[hibernate-core-6.1.5.Final.jar:6.1.5.Final]
	at org.hibernate.exception.internal.StandardSQLExceptionConverter.convert(StandardSQLExceptionConverter.java:56) ~[hibernate-core-6.1.5.Final.jar:6.1.5.Final]
	at org.hibernate.engine.jdbc.spi.SqlExceptionHelper.convert(SqlExceptionHelper.java:109) ~[hibernate-core-6.1.5.Final.jar:6.1.5.Final]
	at org.hibernate.engine.jdbc.spi.SqlExceptionHelper.convert(SqlExceptionHelper.java:95) ~[hibernate-core-6.1.5.Final.jar:6.1.5.Final]
	at org.hibernate.sql.results.jdbc.internal.DeferredResultSetAccess.executeQuery(DeferredResultSetAccess.java:253) ~[hibernate-core-6.1.5.Final.jar:6.1.5.Final]
	at org.hibernate.sql.results.jdbc.internal.DeferredResultSetAccess.getResultSet(DeferredResultSetAccess.java:146) ~[hibernate-core-6.1.5.Final.jar:6.1.5.Final]
	at org.hibernate.sql.results.jdbc.internal.JdbcValuesResultSetImpl.lambda$processNext$0(JdbcValuesResultSetImpl.java:89) ~[hibernate-core-6.1.5.Final.jar:6.1.5.Final]
	at org.hibernate.sql.results.jdbc.internal.JdbcValuesResultSetImpl.advance(JdbcValuesResultSetImpl.java:274) ~[hibernate-core-6.1.5.Final.jar:6.1.5.Final]
	at org.hibernate.sql.results.jdbc.internal.JdbcValuesResultSetImpl.processNext(JdbcValuesResultSetImpl.java:85) ~[hibernate-core-6.1.5.Final.jar:6.1.5.Final]
	at org.hibernate.sql.results.jdbc.internal.AbstractJdbcValues.next(AbstractJdbcValues.java:29) ~[hibernate-core-6.1.5.Final.jar:6.1.5.Final]
	at org.hibernate.sql.results.internal.RowProcessingStateStandardImpl.next(RowProcessingStateStandardImpl.java:89) ~[hibernate-core-6.1.5.Final.jar:6.1.5.Final]
	at org.hibernate.sql.results.spi.ListResultsConsumer.consume(ListResultsConsumer.java:142) ~[hibernate-core-6.1.5.Final.jar:6.1.5.Final]
	at org.hibernate.sql.results.spi.ListResultsConsumer.consume(ListResultsConsumer.java:32) ~[hibernate-core-6.1.5.Final.jar:6.1.5.Final]
	at org.hibernate.sql.exec.internal.JdbcSelectExecutorStandardImpl.doExecuteQuery(JdbcSelectExecutorStandardImpl.java:443) ~[hibernate-core-6.1.5.Final.jar:6.1.5.Final]
	at org.hibernate.sql.exec.internal.JdbcSelectExecutorStandardImpl.executeQuery(JdbcSelectExecutorStandardImpl.java:166) ~[hibernate-core-6.1.5.Final.jar:6.1.5.Final]
	at org.hibernate.sql.exec.internal.JdbcSelectExecutorStandardImpl.list(JdbcSelectExecutorStandardImpl.java:91) ~[hibernate-core-6.1.5.Final.jar:6.1.5.Final]
	at org.hibernate.sql.exec.spi.JdbcSelectExecutor.list(JdbcSelectExecutor.java:31) ~[hibernate-core-6.1.5.Final.jar:6.1.5.Final]
	at org.hibernate.query.sqm.internal.ConcreteSqmSelectQueryPlan.lambda$new$0(ConcreteSqmSelectQueryPlan.java:102) ~[hibernate-core-6.1.5.Final.jar:6.1.5.Final]
	at org.hibernate.query.sqm.internal.ConcreteSqmSelectQueryPlan.withCacheableSqmInterpretation(ConcreteSqmSelectQueryPlan.java:305) ~[hibernate-core-6.1.5.Final.jar:6.1.5.Final]
	at org.hibernate.query.sqm.internal.ConcreteSqmSelectQueryPlan.performList(ConcreteSqmSelectQueryPlan.java:246) ~[hibernate-core-6.1.5.Final.jar:6.1.5.Final]
	at org.hibernate.query.sqm.internal.QuerySqmImpl.doList(QuerySqmImpl.java:546) ~[hibernate-core-6.1.5.Final.jar:6.1.5.Final]
	at org.hibernate.query.spi.AbstractSelectionQuery.list(AbstractSelectionQuery.java:363) ~[hibernate-core-6.1.5.Final.jar:6.1.5.Final]
	at org.hibernate.query.sqm.internal.QuerySqmImpl.list(QuerySqmImpl.java:1032) ~[hibernate-core-6.1.5.Final.jar:6.1.5.Final]
	at org.hibernate.query.Query.getResultList(Query.java:94) ~[hibernate-core-6.1.5.Final.jar:6.1.5.Final]
	at org.springframework.data.jpa.repository.query.JpaQueryExecution$CollectionExecution.doExecute(JpaQueryExecution.java:127) ~[spring-data-jpa-3.0.0.jar:3.0.0]
	at org.springframework.data.jpa.repository.query.JpaQueryExecution.execute(JpaQueryExecution.java:90) ~[spring-data-jpa-3.0.0.jar:3.0.0]
	at org.springframework.data.jpa.repository.query.AbstractJpaQuery.doExecute(AbstractJpaQuery.java:148) ~[spring-data-jpa-3.0.0.jar:3.0.0]
	at org.springframework.data.jpa.repository.query.AbstractJpaQuery.execute(AbstractJpaQuery.java:136) ~[spring-data-jpa-3.0.0.jar:3.0.0]
	at org.springframework.data.repository.core.support.RepositoryMethodInvoker.doInvoke(RepositoryMethodInvoker.java:136) ~[spring-data-commons-3.0.0.jar:3.0.0]
	at org.springframework.data.repository.core.support.RepositoryMethodInvoker.invoke(RepositoryMethodInvoker.java:120) ~[spring-data-commons-3.0.0.jar:3.0.0]
	at org.springframework.data.repository.core.support.QueryExecutorMethodInterceptor.doInvoke(QueryExecutorMethodInterceptor.java:164) ~[spring-data-commons-3.0.0.jar:3.0.0]
	at org.springframework.data.repository.core.support.QueryExecutorMethodInterceptor.invoke(QueryExecutorMethodInterceptor.java:143) ~[spring-data-commons-3.0.0.jar:3.0.0]
	at org.springframework.aop.framework.ReflectiveMethodInvocation.proceed(ReflectiveMethodInvocation.java:184) ~[spring-aop-6.0.2.jar:6.0.2]
	at org.springframework.data.projection.DefaultMethodInvokingMethodInterceptor.invoke(DefaultMethodInvokingMethodInterceptor.java:77) ~[spring-data-commons-3.0.0.jar:3.0.0]
	at org.springframework.aop.framework.ReflectiveMethodInvocation.proceed(ReflectiveMethodInvocation.java:184) ~[spring-aop-6.0.2.jar:6.0.2]
	at org.springframework.transaction.interceptor.TransactionInterceptor$1.proceedWithInvocation(TransactionInterceptor.java:123) ~[spring-tx-6.0.2.jar:6.0.2]
	at org.springframework.transaction.interceptor.TransactionAspectSupport.invokeWithinTransaction(TransactionAspectSupport.java:388) ~[spring-tx-6.0.2.jar:6.0.2]
	at org.springframework.transaction.interceptor.TransactionInterceptor.invoke(TransactionInterceptor.java:119) ~[spring-tx-6.0.2.jar:6.0.2]
	at org.springframework.aop.framework.ReflectiveMethodInvocation.proceed(ReflectiveMethodInvocation.java:184) ~[spring-aop-6.0.2.jar:6.0.2]
	at org.springframework.dao.support.PersistenceExceptionTranslationInterceptor.invoke(PersistenceExceptionTranslationInterceptor.java:137) ~[spring-tx-6.0.2.jar:6.0.2]
	... 103 common frames omitted
Caused by: java.sql.SQLSyntaxErrorException: Unknown column 'r1_0.updated_at' in 'field list'
	at com.mysql.cj.jdbc.exceptions.SQLError.createSQLException(SQLError.java:120) ~[mysql-connector-j-8.0.31.jar:8.0.31]
	at com.mysql.cj.jdbc.exceptions.SQLExceptionsMapping.translateException(SQLExceptionsMapping.java:122) ~[mysql-connector-j-8.0.31.jar:8.0.31]
	at com.mysql.cj.jdbc.ClientPreparedStatement.executeInternal(ClientPreparedStatement.java:916) ~[mysql-connector-j-8.0.31.jar:8.0.31]
	at com.mysql.cj.jdbc.ClientPreparedStatement.executeQuery(ClientPreparedStatement.java:972) ~[mysql-connector-j-8.0.31.jar:8.0.31]
	at com.zaxxer.hikari.pool.ProxyPreparedStatement.executeQuery(ProxyPreparedStatement.java:52) ~[HikariCP-5.0.1.jar:na]
	at com.zaxxer.hikari.pool.HikariProxyPreparedStatement.executeQuery(HikariProxyPreparedStatement.java) ~[HikariCP-5.0.1.jar:na]
	at org.hibernate.sql.results.jdbc.internal.DeferredResultSetAccess.executeQuery(DeferredResultSetAccess.java:217) ~[hibernate-core-6.1.5.Final.jar:6.1.5.Final]
	... 138 common frames omitted

2025-11-29T12:53:20.051+09:00 DEBUG 19328 --- [http-nio-8080-exec-1] o.s.security.web.FilterChainProxy        : Securing OPTIONS /api/members/me
2025-11-29T12:53:20.044+09:00 DEBUG 19328 --- [http-nio-8080-exec-9] o.s.security.web.FilterChainProxy        : Securing OPTIONS /api/cart
2025-11-29T12:53:20.054+09:00 DEBUG 19328 --- [http-nio-8080-exec-10] o.s.security.web.FilterChainProxy        : Securing OPTIONS /api/members/me
2025-11-29T12:53:20.056+09:00 DEBUG 19328 --- [http-nio-8080-exec-2] o.s.security.web.FilterChainProxy        : Securing OPTIONS /api/cart
2025-11-29T12:53:20.066+09:00 DEBUG 19328 --- [http-nio-8080-exec-2] o.s.s.w.a.AnonymousAuthenticationFilter  : Set SecurityContextHolder to anonymous SecurityContext
2025-11-29T12:53:20.068+09:00 DEBUG 19328 --- [http-nio-8080-exec-9] o.s.s.w.a.AnonymousAuthenticationFilter  : Set SecurityContextHolder to anonymous SecurityContext
2025-11-29T12:53:20.068+09:00 DEBUG 19328 --- [http-nio-8080-exec-1] o.s.s.w.a.AnonymousAuthenticationFilter  : Set SecurityContextHolder to anonymous SecurityContext
2025-11-29T12:53:20.069+09:00 DEBUG 19328 --- [http-nio-8080-exec-10] o.s.s.w.a.AnonymousAuthenticationFilter  : Set SecurityContextHolder to anonymous SecurityContext
2025-11-29T12:53:20.105+09:00 DEBUG 19328 --- [http-nio-8080-exec-1] o.s.security.web.FilterChainProxy        : Secured OPTIONS /api/members/me
2025-11-29T12:53:20.115+09:00 DEBUG 19328 --- [http-nio-8080-exec-2] o.s.security.web.FilterChainProxy        : Secured OPTIONS /api/cart
2025-11-29T12:53:20.115+09:00 DEBUG 19328 --- [http-nio-8080-exec-9] o.s.security.web.FilterChainProxy        : Secured OPTIONS /api/cart
2025-11-29T12:53:20.123+09:00 DEBUG 19328 --- [http-nio-8080-exec-10] o.s.security.web.FilterChainProxy        : Secured OPTIONS /api/members/me
2025-11-29T12:53:20.189+09:00 DEBUG 19328 --- [http-nio-8080-exec-4] o.s.security.web.FilterChainProxy        : Securing GET /api/cart
2025-11-29T12:53:20.189+09:00 DEBUG 19328 --- [http-nio-8080-exec-3] o.s.security.web.FilterChainProxy        : Securing GET /api/members/me
2025-11-29T12:53:20.189+09:00 DEBUG 19328 --- [http-nio-8080-exec-6] o.s.security.web.FilterChainProxy        : Securing GET /api/members/me
2025-11-29T12:53:20.189+09:00 DEBUG 19328 --- [http-nio-8080-exec-5] o.s.security.web.FilterChainProxy        : Securing GET /api/cart
2025-11-29T12:53:20.378+09:00 DEBUG 19328 --- [http-nio-8080-exec-3] o.s.s.w.a.AnonymousAuthenticationFilter  : Set SecurityContextHolder to anonymous SecurityContext
2025-11-29T12:53:20.378+09:00 DEBUG 19328 --- [http-nio-8080-exec-5] o.s.s.w.a.AnonymousAuthenticationFilter  : Set SecurityContextHolder to anonymous SecurityContext
2025-11-29T12:53:20.378+09:00 DEBUG 19328 --- [http-nio-8080-exec-6] o.s.s.w.a.AnonymousAuthenticationFilter  : Set SecurityContextHolder to anonymous SecurityContext
2025-11-29T12:53:20.380+09:00 DEBUG 19328 --- [http-nio-8080-exec-4] o.s.s.w.a.AnonymousAuthenticationFilter  : Set SecurityContextHolder to anonymous SecurityContext
2025-11-29T12:53:20.383+09:00 DEBUG 19328 --- [http-nio-8080-exec-5] o.s.security.web.FilterChainProxy        : Secured GET /api/cart
2025-11-29T12:53:20.385+09:00 DEBUG 19328 --- [http-nio-8080-exec-6] o.s.security.web.FilterChainProxy        : Secured GET /api/members/me
2025-11-29T12:53:20.386+09:00 DEBUG 19328 --- [http-nio-8080-exec-3] o.s.security.web.FilterChainProxy        : Secured GET /api/members/me
2025-11-29T12:53:20.386+09:00 DEBUG 19328 --- [http-nio-8080-exec-4] o.s.security.web.FilterChainProxy        : Secured GET /api/cart
2025-11-29T14:17:15.816+09:00  WARN 19328 --- [HikariPool-1 housekeeper] com.zaxxer.hikari.pool.HikariPool        : HikariPool-1 - Thread starvation or clock leap detected (housekeeper delta=7m26s386ms242?s900ns).
2025-11-29T17:45:36.630+09:00  WARN 19328 --- [HikariPool-1 housekeeper] com.zaxxer.hikari.pool.HikariPool        : HikariPool-1 - Thread starvation or clock leap detected (housekeeper delta=2h18m19s522ms770?s700ns).
2025-11-29T19:54:56.108+09:00 DEBUG 19328 --- [http-nio-8080-exec-5] o.s.security.web.FilterChainProxy        : Securing GET /api/admin/users
2025-11-29T19:54:56.194+09:00 DEBUG 19328 --- [http-nio-8080-exec-5] o.s.s.w.a.AnonymousAuthenticationFilter  : Set SecurityContextHolder to anonymous SecurityContext
2025-11-29T19:54:56.904+09:00 DEBUG 19328 --- [http-nio-8080-exec-5] o.s.s.w.a.Http403ForbiddenEntryPoint     : Pre-authenticated entry point called. Rejecting access
2025-11-29T19:54:56.910+09:00 DEBUG 19328 --- [http-nio-8080-exec-5] o.s.security.web.FilterChainProxy        : Securing GET /error
2025-11-29T19:54:57.098+09:00 DEBUG 19328 --- [http-nio-8080-exec-5] o.s.s.w.a.AnonymousAuthenticationFilter  : Set SecurityContextHolder to anonymous SecurityContext
2025-11-29T19:54:57.178+09:00 DEBUG 19328 --- [http-nio-8080-exec-5] o.s.s.w.a.Http403ForbiddenEntryPoint     : Pre-authenticated entry point called. Rejecting access
2025-11-29T19:54:58.405+09:00 DEBUG 19328 --- [http-nio-8080-exec-3] o.s.security.web.FilterChainProxy        : Securing GET /api/admin/users
2025-11-29T19:54:58.428+09:00 DEBUG 19328 --- [http-nio-8080-exec-3] o.s.s.w.a.AnonymousAuthenticationFilter  : Set SecurityContextHolder to anonymous SecurityContext
2025-11-29T19:54:58.610+09:00 DEBUG 19328 --- [http-nio-8080-exec-3] o.s.s.w.a.Http403ForbiddenEntryPoint     : Pre-authenticated entry point called. Rejecting access
2025-11-29T19:54:58.677+09:00 DEBUG 19328 --- [http-nio-8080-exec-3] o.s.security.web.FilterChainProxy        : Securing GET /error
2025-11-29T19:54:58.973+09:00 DEBUG 19328 --- [http-nio-8080-exec-3] o.s.s.w.a.AnonymousAuthenticationFilter  : Set SecurityContextHolder to anonymous SecurityContext
2025-11-29T19:54:59.005+09:00 DEBUG 19328 --- [http-nio-8080-exec-3] o.s.s.w.a.Http403ForbiddenEntryPoint     : Pre-authenticated entry point called. Rejecting access
2025-11-29T19:55:01.112+09:00 DEBUG 19328 --- [http-nio-8080-exec-6] o.s.security.web.FilterChainProxy        : Securing GET /api/admin/users
2025-11-29T19:55:01.188+09:00 DEBUG 19328 --- [http-nio-8080-exec-6] o.s.s.w.a.AnonymousAuthenticationFilter  : Set SecurityContextHolder to anonymous SecurityContext
2025-11-29T19:55:01.756+09:00 DEBUG 19328 --- [http-nio-8080-exec-6] o.s.s.w.a.Http403ForbiddenEntryPoint     : Pre-authenticated entry point called. Rejecting access
2025-11-29T19:55:01.985+09:00 DEBUG 19328 --- [http-nio-8080-exec-6] o.s.security.web.FilterChainProxy        : Securing GET /error
2025-11-29T19:55:02.319+09:00 DEBUG 19328 --- [http-nio-8080-exec-6] o.s.s.w.a.AnonymousAuthenticationFilter  : Set SecurityContextHolder to anonymous SecurityContext
2025-11-29T19:55:02.386+09:00 DEBUG 19328 --- [http-nio-8080-exec-6] o.s.s.w.a.Http403ForbiddenEntryPoint     : Pre-authenticated entry point called. Rejecting access
2025-11-29T19:55:06.452+09:00 DEBUG 19328 --- [http-nio-8080-exec-4] o.s.security.web.FilterChainProxy        : Securing GET /api/admin/users
2025-11-29T19:55:06.457+09:00 DEBUG 19328 --- [http-nio-8080-exec-4] o.s.s.w.a.AnonymousAuthenticationFilter  : Set SecurityContextHolder to anonymous SecurityContext
2025-11-29T19:55:06.512+09:00 DEBUG 19328 --- [http-nio-8080-exec-4] o.s.s.w.a.Http403ForbiddenEntryPoint     : Pre-authenticated entry point called. Rejecting access
2025-11-29T19:55:06.526+09:00 DEBUG 19328 --- [http-nio-8080-exec-4] o.s.security.web.FilterChainProxy        : Securing GET /error
2025-11-29T19:55:06.553+09:00 DEBUG 19328 --- [http-nio-8080-exec-4] o.s.s.w.a.AnonymousAuthenticationFilter  : Set SecurityContextHolder to anonymous SecurityContext
2025-11-29T19:55:06.556+09:00 DEBUG 19328 --- [http-nio-8080-exec-4] o.s.s.w.a.Http403ForbiddenEntryPoint     : Pre-authenticated entry point called. Rejecting access
2025-11-29T19:56:37.307+09:00  INFO 19328 --- [SpringApplicationShutdownHook] j.LocalContainerEntityManagerFactoryBean : Closing JPA EntityManagerFactory for persistence unit 'default'
2025-11-29T19:56:37.336+09:00  INFO 19328 --- [SpringApplicationShutdownHook] com.zaxxer.hikari.HikariDataSource       : HikariPool-1 - Shutdown initiated...
2025-11-29T19:56:37.354+09:00  INFO 19328 --- [SpringApplicationShutdownHook] com.zaxxer.hikari.HikariDataSource       : HikariPool-1 - Shutdown completed.
2025-11-29T19:56:40.477+09:00  INFO 22096 --- [main] com.example.shop.ShopApplication         : Starting ShopApplication using Java 17.0.0.1 with PID 22096 (D:\03.project\coupang\coupang\source\shop-backend\target\classes started by hans in D:\03.project\coupang\coupang\source)
2025-11-29T19:56:40.480+09:00  INFO 22096 --- [main] com.example.shop.ShopApplication         : No active profile set, falling back to 1 default profile: "default"
2025-11-29T19:56:41.623+09:00  INFO 22096 --- [main] .s.d.r.c.RepositoryConfigurationDelegate : Bootstrapping Spring Data JPA repositories in DEFAULT mode.
2025-11-29T19:56:41.838+09:00  INFO 22096 --- [main] .s.d.r.c.RepositoryConfigurationDelegate : Finished Spring Data repository scanning in 205 ms. Found 13 JPA repository interfaces.
2025-11-29T19:56:43.527+09:00  INFO 22096 --- [main] o.s.b.w.embedded.tomcat.TomcatWebServer  : Tomcat initialized with port(s): 8080 (http)
2025-11-29T19:56:43.549+09:00  INFO 22096 --- [main] o.apache.catalina.core.StandardService   : Starting service [Tomcat]
2025-11-29T19:56:43.554+09:00  INFO 22096 --- [main] o.apache.catalina.core.StandardEngine    : Starting Servlet engine: [Apache Tomcat/10.1.1]
2025-11-29T19:56:44.090+09:00  INFO 22096 --- [main] o.a.c.c.C.[Tomcat].[localhost].[/]       : Initializing Spring embedded WebApplicationContext
2025-11-29T19:56:44.091+09:00  INFO 22096 --- [main] w.s.c.ServletWebServerApplicationContext : Root WebApplicationContext: initialization completed in 3527 ms
2025-11-29T19:56:46.322+09:00  INFO 22096 --- [main] com.zaxxer.hikari.HikariDataSource       : HikariPool-1 - Starting...
2025-11-29T19:56:47.728+09:00  INFO 22096 --- [main] com.zaxxer.hikari.pool.HikariPool        : HikariPool-1 - Added connection com.mysql.cj.jdbc.ConnectionImpl@273fa9e
2025-11-29T19:56:47.742+09:00  INFO 22096 --- [main] com.zaxxer.hikari.HikariDataSource       : HikariPool-1 - Start completed.
2025-11-29T19:56:50.359+09:00  INFO 22096 --- [main] o.hibernate.jpa.internal.util.LogHelper  : HHH000204: Processing PersistenceUnitInfo [name: default]
2025-11-29T19:56:50.825+09:00  INFO 22096 --- [main] org.hibernate.Version                    : HHH000412: Hibernate ORM core version 6.1.5.Final
2025-11-29T19:56:51.559+09:00  WARN 22096 --- [main] org.hibernate.orm.deprecation            : HHH90000021: Encountered deprecated setting [javax.persistence.sharedCache.mode], use [jakarta.persistence.sharedCache.mode] instead
2025-11-29T19:56:52.027+09:00  INFO 22096 --- [main] SQL dialect                              : HHH000400: Using dialect: org.hibernate.dialect.MySQL8Dialect
2025-11-29T19:56:52.041+09:00  WARN 22096 --- [main] org.hibernate.orm.deprecation            : HHH90000026: MySQL8Dialect has been deprecated; use org.hibernate.dialect.MySQLDialect instead
2025-11-29T19:56:54.393+09:00  INFO 22096 --- [main] o.h.e.t.j.p.i.JtaPlatformInitiator       : HHH000490: Using JtaPlatform implementation: [org.hibernate.engine.transaction.jta.platform.internal.NoJtaPlatform]
2025-11-29T19:56:54.404+09:00  INFO 22096 --- [main] j.LocalContainerEntityManagerFactoryBean : Initialized JPA EntityManagerFactory for persistence unit 'default'
2025-11-29T19:56:56.542+09:00  WARN 22096 --- [main] JpaBaseConfiguration$JpaWebConfiguration : spring.jpa.open-in-view is enabled by default. Therefore, database queries may be performed during view rendering. Explicitly configure spring.jpa.open-in-view to disable this warning
2025-11-29T19:56:56.563+09:00 DEBUG 22096 --- [main] swordEncoderAuthenticationManagerBuilder : No authenticationProviders and no parentAuthenticationManager defined. Returning null.
2025-11-29T19:56:57.140+09:00  INFO 22096 --- [main] o.s.s.web.DefaultSecurityFilterChain     : Will secure any request with [org.springframework.security.web.session.DisableEncodeUrlFilter@3f1b4a14, org.springframework.security.web.context.request.async.WebAsyncManagerIntegrationFilter@452e0a94, org.springframework.security.web.context.SecurityContextHolderFilter@4d71476c, org.springframework.security.web.header.HeaderWriterFilter@2afd8972, org.springframework.security.web.authentication.logout.LogoutFilter@42000298, com.example.shop.config.JwtAuthenticationFilter@472d0f4, org.springframework.security.web.savedrequest.RequestCacheAwareFilter@cede70a, org.springframework.security.web.servletapi.SecurityContextHolderAwareRequestFilter@792a9cb1, org.springframework.security.web.authentication.AnonymousAuthenticationFilter@2a12048d, org.springframework.security.web.session.SessionManagementFilter@48a2fb11, org.springframework.security.web.access.ExceptionTranslationFilter@6b71fded, org.springframework.security.web.access.intercept.AuthorizationFilter@38c840fb]
2025-11-29T19:56:57.904+09:00  INFO 22096 --- [main] o.s.b.w.embedded.tomcat.TomcatWebServer  : Tomcat started on port(s): 8080 (http) with context path ''
2025-11-29T19:56:57.923+09:00  INFO 22096 --- [main] com.example.shop.ShopApplication         : Started ShopApplication in 18.028 seconds (process running for 18.436)
2025-11-29T19:56:58.972+09:00  INFO 22096 --- [http-nio-8080-exec-1] o.a.c.c.C.[Tomcat].[localhost].[/]       : Initializing Spring DispatcherServlet 'dispatcherServlet'
2025-11-29T19:56:58.973+09:00  INFO 22096 --- [http-nio-8080-exec-1] o.s.web.servlet.DispatcherServlet        : Initializing Servlet 'dispatcherServlet'
2025-11-29T19:56:58.975+09:00  INFO 22096 --- [http-nio-8080-exec-1] o.s.web.servlet.DispatcherServlet        : Completed initialization in 2 ms
2025-11-29T19:56:58.992+09:00 DEBUG 22096 --- [http-nio-8080-exec-1] o.s.security.web.FilterChainProxy        : Securing GET /api/admin/users
2025-11-29T19:56:59.019+09:00 DEBUG 22096 --- [http-nio-8080-exec-1] o.s.s.w.a.AnonymousAuthenticationFilter  : Set SecurityContextHolder to anonymous SecurityContext
2025-11-29T19:56:59.039+09:00 DEBUG 22096 --- [http-nio-8080-exec-1] o.s.s.w.a.Http403ForbiddenEntryPoint     : Pre-authenticated entry point called. Rejecting access
2025-11-29T19:56:59.045+09:00 DEBUG 22096 --- [http-nio-8080-exec-1] o.s.security.web.FilterChainProxy        : Securing GET /error
2025-11-29T19:56:59.062+09:00 DEBUG 22096 --- [http-nio-8080-exec-1] o.s.s.w.a.AnonymousAuthenticationFilter  : Set SecurityContextHolder to anonymous SecurityContext
2025-11-29T19:56:59.064+09:00 DEBUG 22096 --- [http-nio-8080-exec-1] o.s.s.w.a.Http403ForbiddenEntryPoint     : Pre-authenticated entry point called. Rejecting access
2025-11-29T19:57:03.104+09:00 DEBUG 22096 --- [http-nio-8080-exec-2] o.s.security.web.FilterChainProxy        : Securing GET /api/admin/users
2025-11-29T19:57:03.105+09:00 DEBUG 22096 --- [http-nio-8080-exec-2] o.s.s.w.a.AnonymousAuthenticationFilter  : Set SecurityContextHolder to anonymous SecurityContext
2025-11-29T19:57:03.105+09:00 DEBUG 22096 --- [http-nio-8080-exec-2] o.s.s.w.a.Http403ForbiddenEntryPoint     : Pre-authenticated entry point called. Rejecting access
2025-11-29T19:57:03.105+09:00 DEBUG 22096 --- [http-nio-8080-exec-2] o.s.security.web.FilterChainProxy        : Securing GET /error
2025-11-29T19:57:03.116+09:00 DEBUG 22096 --- [http-nio-8080-exec-2] o.s.s.w.a.AnonymousAuthenticationFilter  : Set SecurityContextHolder to anonymous SecurityContext
2025-11-29T19:57:03.118+09:00 DEBUG 22096 --- [http-nio-8080-exec-2] o.s.s.w.a.Http403ForbiddenEntryPoint     : Pre-authenticated entry point called. Rejecting access
2025-11-29T19:57:09.806+09:00 DEBUG 22096 --- [http-nio-8080-exec-3] o.s.security.web.FilterChainProxy        : Securing GET /api/admin/users
2025-11-29T19:57:09.806+09:00 DEBUG 22096 --- [http-nio-8080-exec-3] o.s.s.w.a.AnonymousAuthenticationFilter  : Set SecurityContextHolder to anonymous SecurityContext
2025-11-29T19:57:09.820+09:00 DEBUG 22096 --- [http-nio-8080-exec-3] o.s.s.w.a.Http403ForbiddenEntryPoint     : Pre-authenticated entry point called. Rejecting access
2025-11-29T19:57:09.825+09:00 DEBUG 22096 --- [http-nio-8080-exec-3] o.s.security.web.FilterChainProxy        : Securing GET /error
2025-11-29T19:57:09.865+09:00 DEBUG 22096 --- [http-nio-8080-exec-3] o.s.s.w.a.AnonymousAuthenticationFilter  : Set SecurityContextHolder to anonymous SecurityContext
2025-11-29T19:57:09.875+09:00 DEBUG 22096 --- [http-nio-8080-exec-3] o.s.s.w.a.Http403ForbiddenEntryPoint     : Pre-authenticated entry point called. Rejecting access
2025-11-29T19:57:10.892+09:00 DEBUG 22096 --- [http-nio-8080-exec-4] o.s.security.web.FilterChainProxy        : Securing GET /api/admin/users
2025-11-29T19:57:10.893+09:00 DEBUG 22096 --- [http-nio-8080-exec-4] o.s.s.w.a.AnonymousAuthenticationFilter  : Set SecurityContextHolder to anonymous SecurityContext
2025-11-29T19:57:10.910+09:00 DEBUG 22096 --- [http-nio-8080-exec-4] o.s.s.w.a.Http403ForbiddenEntryPoint     : Pre-authenticated entry point called. Rejecting access
2025-11-29T19:57:10.925+09:00 DEBUG 22096 --- [http-nio-8080-exec-4] o.s.security.web.FilterChainProxy        : Securing GET /error
2025-11-29T19:57:10.967+09:00 DEBUG 22096 --- [http-nio-8080-exec-4] o.s.s.w.a.AnonymousAuthenticationFilter  : Set SecurityContextHolder to anonymous SecurityContext
2025-11-29T19:57:10.974+09:00 DEBUG 22096 --- [http-nio-8080-exec-4] o.s.s.w.a.Http403ForbiddenEntryPoint     : Pre-authenticated entry point called. Rejecting access
2025-11-29T19:57:13.007+09:00 DEBUG 22096 --- [http-nio-8080-exec-5] o.s.security.web.FilterChainProxy        : Securing GET /api/admin/users
2025-11-29T19:57:13.016+09:00 DEBUG 22096 --- [http-nio-8080-exec-5] o.s.s.w.a.AnonymousAuthenticationFilter  : Set SecurityContextHolder to anonymous SecurityContext
2025-11-29T19:57:13.056+09:00 DEBUG 22096 --- [http-nio-8080-exec-5] o.s.s.w.a.Http403ForbiddenEntryPoint     : Pre-authenticated entry point called. Rejecting access
2025-11-29T19:57:13.068+09:00 DEBUG 22096 --- [http-nio-8080-exec-5] o.s.security.web.FilterChainProxy        : Securing GET /error
2025-11-29T19:57:13.120+09:00 DEBUG 22096 --- [http-nio-8080-exec-5] o.s.s.w.a.AnonymousAuthenticationFilter  : Set SecurityContextHolder to anonymous SecurityContext
2025-11-29T19:57:13.134+09:00 DEBUG 22096 --- [http-nio-8080-exec-5] o.s.s.w.a.Http403ForbiddenEntryPoint     : Pre-authenticated entry point called. Rejecting access
2025-11-29T19:57:17.158+09:00 DEBUG 22096 --- [http-nio-8080-exec-6] o.s.security.web.FilterChainProxy        : Securing GET /api/admin/users
2025-11-29T19:57:17.164+09:00 DEBUG 22096 --- [http-nio-8080-exec-6] o.s.s.w.a.AnonymousAuthenticationFilter  : Set SecurityContextHolder to anonymous SecurityContext
2025-11-29T19:57:17.186+09:00 DEBUG 22096 --- [http-nio-8080-exec-6] o.s.s.w.a.Http403ForbiddenEntryPoint     : Pre-authenticated entry point called. Rejecting access
2025-11-29T19:57:17.194+09:00 DEBUG 22096 --- [http-nio-8080-exec-6] o.s.security.web.FilterChainProxy        : Securing GET /error
2025-11-29T19:57:17.274+09:00 DEBUG 22096 --- [http-nio-8080-exec-6] o.s.s.w.a.AnonymousAuthenticationFilter  : Set SecurityContextHolder to anonymous SecurityContext
2025-11-29T19:57:17.276+09:00 DEBUG 22096 --- [http-nio-8080-exec-6] o.s.s.w.a.Http403ForbiddenEntryPoint     : Pre-authenticated entry point called. Rejecting access
2025-11-29T19:57:24.822+09:00 DEBUG 22096 --- [http-nio-8080-exec-7] o.s.security.web.FilterChainProxy        : Securing OPTIONS /api/admin/users
2025-11-29T19:57:24.831+09:00 DEBUG 22096 --- [http-nio-8080-exec-7] o.s.s.w.a.AnonymousAuthenticationFilter  : Set SecurityContextHolder to anonymous SecurityContext
2025-11-29T19:57:24.906+09:00 DEBUG 22096 --- [http-nio-8080-exec-7] o.s.s.w.a.Http403ForbiddenEntryPoint     : Pre-authenticated entry point called. Rejecting access
2025-11-29T19:57:24.915+09:00 DEBUG 22096 --- [http-nio-8080-exec-7] o.s.security.web.FilterChainProxy        : Securing OPTIONS /error
2025-11-29T19:57:24.925+09:00 DEBUG 22096 --- [http-nio-8080-exec-7] o.s.s.w.a.AnonymousAuthenticationFilter  : Set SecurityContextHolder to anonymous SecurityContext
2025-11-29T19:57:24.929+09:00 DEBUG 22096 --- [http-nio-8080-exec-7] o.s.s.w.a.Http403ForbiddenEntryPoint     : Pre-authenticated entry point called. Rejecting access
2025-11-29T19:57:27.094+09:00 DEBUG 22096 --- [http-nio-8080-exec-8] o.s.security.web.FilterChainProxy        : Securing OPTIONS /api/admin/users
2025-11-29T19:57:27.099+09:00 DEBUG 22096 --- [http-nio-8080-exec-8] o.s.s.w.a.AnonymousAuthenticationFilter  : Set SecurityContextHolder to anonymous SecurityContext
2025-11-29T19:57:27.124+09:00 DEBUG 22096 --- [http-nio-8080-exec-8] o.s.s.w.a.Http403ForbiddenEntryPoint     : Pre-authenticated entry point called. Rejecting access
2025-11-29T19:57:27.131+09:00 DEBUG 22096 --- [http-nio-8080-exec-8] o.s.security.web.FilterChainProxy        : Securing OPTIONS /error
2025-11-29T19:57:27.143+09:00 DEBUG 22096 --- [http-nio-8080-exec-8] o.s.s.w.a.AnonymousAuthenticationFilter  : Set SecurityContextHolder to anonymous SecurityContext
2025-11-29T19:57:27.155+09:00 DEBUG 22096 --- [http-nio-8080-exec-8] o.s.s.w.a.Http403ForbiddenEntryPoint     : Pre-authenticated entry point called. Rejecting access
2025-11-29T19:57:28.368+09:00 DEBUG 22096 --- [http-nio-8080-exec-9] o.s.security.web.FilterChainProxy        : Securing OPTIONS /api/admin/users
2025-11-29T19:57:28.372+09:00 DEBUG 22096 --- [http-nio-8080-exec-9] o.s.s.w.a.AnonymousAuthenticationFilter  : Set SecurityContextHolder to anonymous SecurityContext
2025-11-29T19:57:28.383+09:00 DEBUG 22096 --- [http-nio-8080-exec-9] o.s.s.w.a.Http403ForbiddenEntryPoint     : Pre-authenticated entry point called. Rejecting access
2025-11-29T19:57:28.387+09:00 DEBUG 22096 --- [http-nio-8080-exec-9] o.s.security.web.FilterChainProxy        : Securing OPTIONS /error
2025-11-29T19:57:28.448+09:00 DEBUG 22096 --- [http-nio-8080-exec-9] o.s.s.w.a.AnonymousAuthenticationFilter  : Set SecurityContextHolder to anonymous SecurityContext
2025-11-29T19:57:28.454+09:00 DEBUG 22096 --- [http-nio-8080-exec-9] o.s.s.w.a.Http403ForbiddenEntryPoint     : Pre-authenticated entry point called. Rejecting access
2025-11-29T19:57:28.877+09:00 DEBUG 22096 --- [http-nio-8080-exec-10] o.s.security.web.FilterChainProxy        : Securing OPTIONS /api/admin/users
2025-11-29T19:57:28.884+09:00 DEBUG 22096 --- [http-nio-8080-exec-10] o.s.s.w.a.AnonymousAuthenticationFilter  : Set SecurityContextHolder to anonymous SecurityContext
2025-11-29T19:57:28.891+09:00 DEBUG 22096 --- [http-nio-8080-exec-10] o.s.s.w.a.Http403ForbiddenEntryPoint     : Pre-authenticated entry point called. Rejecting access
2025-11-29T19:57:28.893+09:00 DEBUG 22096 --- [http-nio-8080-exec-10] o.s.security.web.FilterChainProxy        : Securing OPTIONS /error
2025-11-29T19:57:28.924+09:00 DEBUG 22096 --- [http-nio-8080-exec-10] o.s.s.w.a.AnonymousAuthenticationFilter  : Set SecurityContextHolder to anonymous SecurityContext
2025-11-29T19:57:28.934+09:00 DEBUG 22096 --- [http-nio-8080-exec-10] o.s.s.w.a.Http403ForbiddenEntryPoint     : Pre-authenticated entry point called. Rejecting access
2025-11-29T19:57:29.084+09:00 DEBUG 22096 --- [http-nio-8080-exec-1] o.s.security.web.FilterChainProxy        : Securing OPTIONS /api/admin/users
2025-11-29T19:57:29.086+09:00 DEBUG 22096 --- [http-nio-8080-exec-1] o.s.s.w.a.AnonymousAuthenticationFilter  : Set SecurityContextHolder to anonymous SecurityContext
2025-11-29T19:57:29.090+09:00 DEBUG 22096 --- [http-nio-8080-exec-1] o.s.s.w.a.Http403ForbiddenEntryPoint     : Pre-authenticated entry point called. Rejecting access
2025-11-29T19:57:29.093+09:00 DEBUG 22096 --- [http-nio-8080-exec-1] o.s.security.web.FilterChainProxy        : Securing OPTIONS /error
2025-11-29T19:57:29.122+09:00 DEBUG 22096 --- [http-nio-8080-exec-1] o.s.s.w.a.AnonymousAuthenticationFilter  : Set SecurityContextHolder to anonymous SecurityContext
2025-11-29T19:57:29.125+09:00 DEBUG 22096 --- [http-nio-8080-exec-1] o.s.s.w.a.Http403ForbiddenEntryPoint     : Pre-authenticated entry point called. Rejecting access
2025-11-29T19:57:29.268+09:00 DEBUG 22096 --- [http-nio-8080-exec-2] o.s.security.web.FilterChainProxy        : Securing OPTIONS /api/admin/users
2025-11-29T19:57:29.271+09:00 DEBUG 22096 --- [http-nio-8080-exec-2] o.s.s.w.a.AnonymousAuthenticationFilter  : Set SecurityContextHolder to anonymous SecurityContext
2025-11-29T19:57:29.276+09:00 DEBUG 22096 --- [http-nio-8080-exec-2] o.s.s.w.a.Http403ForbiddenEntryPoint     : Pre-authenticated entry point called. Rejecting access
2025-11-29T19:57:29.286+09:00 DEBUG 22096 --- [http-nio-8080-exec-2] o.s.security.web.FilterChainProxy        : Securing OPTIONS /error
2025-11-29T19:57:29.310+09:00 DEBUG 22096 --- [http-nio-8080-exec-2] o.s.s.w.a.AnonymousAuthenticationFilter  : Set SecurityContextHolder to anonymous SecurityContext
2025-11-29T19:57:29.322+09:00 DEBUG 22096 --- [http-nio-8080-exec-2] o.s.s.w.a.Http403ForbiddenEntryPoint     : Pre-authenticated entry point called. Rejecting access
2025-11-29T19:57:32.242+09:00 DEBUG 22096 --- [http-nio-8080-exec-3] o.s.security.web.FilterChainProxy        : Securing OPTIONS /api/admin/users
2025-11-29T19:57:32.245+09:00 DEBUG 22096 --- [http-nio-8080-exec-3] o.s.s.w.a.AnonymousAuthenticationFilter  : Set SecurityContextHolder to anonymous SecurityContext
2025-11-29T19:57:32.272+09:00 DEBUG 22096 --- [http-nio-8080-exec-3] o.s.s.w.a.Http403ForbiddenEntryPoint     : Pre-authenticated entry point called. Rejecting access
2025-11-29T19:57:32.321+09:00 DEBUG 22096 --- [http-nio-8080-exec-3] o.s.security.web.FilterChainProxy        : Securing OPTIONS /error
2025-11-29T19:57:32.336+09:00 DEBUG 22096 --- [http-nio-8080-exec-3] o.s.s.w.a.AnonymousAuthenticationFilter  : Set SecurityContextHolder to anonymous SecurityContext
2025-11-29T19:57:32.354+09:00 DEBUG 22096 --- [http-nio-8080-exec-3] o.s.s.w.a.Http403ForbiddenEntryPoint     : Pre-authenticated entry point called. Rejecting access
2025-11-29T19:57:37.543+09:00 DEBUG 22096 --- [http-nio-8080-exec-4] o.s.security.web.FilterChainProxy        : Securing OPTIONS /api/admin/users
2025-11-29T19:57:37.575+09:00 DEBUG 22096 --- [http-nio-8080-exec-4] o.s.s.w.a.AnonymousAuthenticationFilter  : Set SecurityContextHolder to anonymous SecurityContext
2025-11-29T19:57:37.598+09:00 DEBUG 22096 --- [http-nio-8080-exec-4] o.s.s.w.a.Http403ForbiddenEntryPoint     : Pre-authenticated entry point called. Rejecting access
2025-11-29T19:57:37.607+09:00 DEBUG 22096 --- [http-nio-8080-exec-4] o.s.security.web.FilterChainProxy        : Securing OPTIONS /error
2025-11-29T19:57:37.671+09:00 DEBUG 22096 --- [http-nio-8080-exec-4] o.s.s.w.a.AnonymousAuthenticationFilter  : Set SecurityContextHolder to anonymous SecurityContext
2025-11-29T19:57:37.673+09:00 DEBUG 22096 --- [http-nio-8080-exec-4] o.s.s.w.a.Http403ForbiddenEntryPoint     : Pre-authenticated entry point called. Rejecting access
2025-11-29T19:58:58.094+09:00  INFO 22096 --- [SpringApplicationShutdownHook] j.LocalContainerEntityManagerFactoryBean : Closing JPA EntityManagerFactory for persistence unit 'default'
2025-11-29T19:58:58.096+09:00  INFO 22096 --- [SpringApplicationShutdownHook] com.zaxxer.hikari.HikariDataSource       : HikariPool-1 - Shutdown initiated...
2025-11-29T19:58:58.104+09:00  INFO 22096 --- [SpringApplicationShutdownHook] com.zaxxer.hikari.HikariDataSource       : HikariPool-1 - Shutdown completed.
2025-11-29T19:59:00.742+09:00  INFO 8096 --- [main] com.example.shop.ShopApplication         : Starting ShopApplication using Java 17.0.0.1 with PID 8096 (D:\03.project\coupang\coupang\source\shop-backend\target\classes started by hans in D:\03.project\coupang\coupang\source)
2025-11-29T19:59:00.751+09:00  INFO 8096 --- [main] com.example.shop.ShopApplication         : No active profile set, falling back to 1 default profile: "default"
2025-11-29T19:59:01.838+09:00  INFO 8096 --- [main] .s.d.r.c.RepositoryConfigurationDelegate : Bootstrapping Spring Data JPA repositories in DEFAULT mode.
2025-11-29T19:59:02.126+09:00  INFO 8096 --- [main] .s.d.r.c.RepositoryConfigurationDelegate : Finished Spring Data repository scanning in 280 ms. Found 13 JPA repository interfaces.
2025-11-29T19:59:03.794+09:00  INFO 8096 --- [main] o.s.b.w.embedded.tomcat.TomcatWebServer  : Tomcat initialized with port(s): 8080 (http)
2025-11-29T19:59:03.821+09:00  INFO 8096 --- [main] o.apache.catalina.core.StandardService   : Starting service [Tomcat]
2025-11-29T19:59:03.822+09:00  INFO 8096 --- [main] o.apache.catalina.core.StandardEngine    : Starting Servlet engine: [Apache Tomcat/10.1.1]
2025-11-29T19:59:04.008+09:00  INFO 8096 --- [main] o.a.c.c.C.[Tomcat].[localhost].[/]       : Initializing Spring embedded WebApplicationContext
2025-11-29T19:59:04.009+09:00  INFO 8096 --- [main] w.s.c.ServletWebServerApplicationContext : Root WebApplicationContext: initialization completed in 3150 ms
2025-11-29T19:59:04.219+09:00  INFO 8096 --- [main] com.zaxxer.hikari.HikariDataSource       : HikariPool-1 - Starting...
2025-11-29T19:59:04.482+09:00  INFO 8096 --- [main] com.zaxxer.hikari.pool.HikariPool        : HikariPool-1 - Added connection com.mysql.cj.jdbc.ConnectionImpl@39e53bef
2025-11-29T19:59:04.493+09:00  INFO 8096 --- [main] com.zaxxer.hikari.HikariDataSource       : HikariPool-1 - Start completed.
2025-11-29T19:59:06.354+09:00  INFO 8096 --- [main] o.hibernate.jpa.internal.util.LogHelper  : HHH000204: Processing PersistenceUnitInfo [name: default]
2025-11-29T19:59:06.509+09:00  INFO 8096 --- [main] org.hibernate.Version                    : HHH000412: Hibernate ORM core version 6.1.5.Final
2025-11-29T19:59:06.820+09:00  WARN 8096 --- [main] org.hibernate.orm.deprecation            : HHH90000021: Encountered deprecated setting [javax.persistence.sharedCache.mode], use [jakarta.persistence.sharedCache.mode] instead
2025-11-29T19:59:07.111+09:00  INFO 8096 --- [main] SQL dialect                              : HHH000400: Using dialect: org.hibernate.dialect.MySQL8Dialect
2025-11-29T19:59:07.113+09:00  WARN 8096 --- [main] org.hibernate.orm.deprecation            : HHH90000026: MySQL8Dialect has been deprecated; use org.hibernate.dialect.MySQLDialect instead
2025-11-29T19:59:10.418+09:00  INFO 8096 --- [main] o.h.e.t.j.p.i.JtaPlatformInitiator       : HHH000490: Using JtaPlatform implementation: [org.hibernate.engine.transaction.jta.platform.internal.NoJtaPlatform]
2025-11-29T19:59:10.446+09:00  INFO 8096 --- [main] j.LocalContainerEntityManagerFactoryBean : Initialized JPA EntityManagerFactory for persistence unit 'default'
2025-11-29T19:59:22.859+09:00  WARN 8096 --- [main] JpaBaseConfiguration$JpaWebConfiguration : spring.jpa.open-in-view is enabled by default. Therefore, database queries may be performed during view rendering. Explicitly configure spring.jpa.open-in-view to disable this warning
2025-11-29T19:59:23.100+09:00 DEBUG 8096 --- [main] swordEncoderAuthenticationManagerBuilder : No authenticationProviders and no parentAuthenticationManager defined. Returning null.
2025-11-29T19:59:25.076+09:00  INFO 8096 --- [main] o.s.s.web.DefaultSecurityFilterChain     : Will secure any request with [org.springframework.security.web.session.DisableEncodeUrlFilter@4df9df06, org.springframework.security.web.context.request.async.WebAsyncManagerIntegrationFilter@6e87556f, org.springframework.security.web.context.SecurityContextHolderFilter@1b7c1c6f, org.springframework.security.web.header.HeaderWriterFilter@7a68818c, org.springframework.security.web.authentication.logout.LogoutFilter@2d12a71f, com.example.shop.config.JwtAuthenticationFilter@5529ff44, org.springframework.security.web.savedrequest.RequestCacheAwareFilter@2f5a23c1, org.springframework.security.web.servletapi.SecurityContextHolderAwareRequestFilter@1455d0f5, org.springframework.security.web.authentication.AnonymousAuthenticationFilter@7a273fd7, org.springframework.security.web.session.SessionManagementFilter@33fefbbe, org.springframework.security.web.access.ExceptionTranslationFilter@4c1f4817, org.springframework.security.web.access.intercept.AuthorizationFilter@6fa98e98]
2025-11-29T19:59:26.297+09:00  INFO 8096 --- [main] o.s.b.w.embedded.tomcat.TomcatWebServer  : Tomcat started on port(s): 8080 (http) with context path ''
2025-11-29T19:59:26.392+09:00  INFO 8096 --- [main] com.example.shop.ShopApplication         : Started ShopApplication in 26.317 seconds (process running for 26.847)
2025-11-29T19:59:30.286+09:00  INFO 8096 --- [http-nio-8080-exec-1] o.a.c.c.C.[Tomcat].[localhost].[/]       : Initializing Spring DispatcherServlet 'dispatcherServlet'
2025-11-29T19:59:30.290+09:00  INFO 8096 --- [http-nio-8080-exec-1] o.s.web.servlet.DispatcherServlet        : Initializing Servlet 'dispatcherServlet'
2025-11-29T19:59:30.339+09:00  INFO 8096 --- [http-nio-8080-exec-1] o.s.web.servlet.DispatcherServlet        : Completed initialization in 11 ms
2025-11-29T19:59:30.372+09:00 DEBUG 8096 --- [http-nio-8080-exec-1] o.s.security.web.FilterChainProxy        : Securing OPTIONS /api/admin/users
2025-11-29T19:59:30.434+09:00 DEBUG 8096 --- [http-nio-8080-exec-1] o.s.s.w.a.AnonymousAuthenticationFilter  : Set SecurityContextHolder to anonymous SecurityContext
2025-11-29T19:59:30.469+09:00 DEBUG 8096 --- [http-nio-8080-exec-1] o.s.security.web.FilterChainProxy        : Secured OPTIONS /api/admin/users
2025-11-29T19:59:30.554+09:00 DEBUG 8096 --- [http-nio-8080-exec-2] o.s.security.web.FilterChainProxy        : Securing POST /api/admin/users
2025-11-29T19:59:30.556+09:00 DEBUG 8096 --- [http-nio-8080-exec-2] o.s.s.w.a.AnonymousAuthenticationFilter  : Set SecurityContextHolder to anonymous SecurityContext
2025-11-29T19:59:30.559+09:00 DEBUG 8096 --- [http-nio-8080-exec-2] o.s.security.web.FilterChainProxy        : Secured POST /api/admin/users
2025-11-29T19:59:31.239+09:00 DEBUG 8096 --- [http-nio-8080-exec-3] o.s.security.web.FilterChainProxy        : Securing GET /api/admin/users
2025-11-29T19:59:31.240+09:00 DEBUG 8096 --- [http-nio-8080-exec-3] o.s.s.w.a.AnonymousAuthenticationFilter  : Set SecurityContextHolder to anonymous SecurityContext
2025-11-29T19:59:31.240+09:00 DEBUG 8096 --- [http-nio-8080-exec-3] o.s.security.web.FilterChainProxy        : Secured GET /api/admin/users
2025-11-29T20:09:43.917+09:00 DEBUG 8096 --- [http-nio-8080-exec-5] o.s.security.web.FilterChainProxy        : Securing GET /api/admin/users
2025-11-29T20:09:43.936+09:00 DEBUG 8096 --- [http-nio-8080-exec-5] o.s.s.w.a.AnonymousAuthenticationFilter  : Set SecurityContextHolder to anonymous SecurityContext
2025-11-29T20:09:43.943+09:00 DEBUG 8096 --- [http-nio-8080-exec-5] o.s.security.web.FilterChainProxy        : Secured GET /api/admin/users
2025-11-29T20:13:15.896+09:00 DEBUG 8096 --- [http-nio-8080-exec-7] o.s.security.web.FilterChainProxy        : Securing GET /api/admin/users
2025-11-29T20:13:15.897+09:00 DEBUG 8096 --- [http-nio-8080-exec-7] o.s.s.w.a.AnonymousAuthenticationFilter  : Set SecurityContextHolder to anonymous SecurityContext
2025-11-29T20:13:15.901+09:00 DEBUG 8096 --- [http-nio-8080-exec-7] o.s.security.web.FilterChainProxy        : Secured GET /api/admin/users
2025-11-29T20:14:19.022+09:00 DEBUG 8096 --- [http-nio-8080-exec-9] o.s.security.web.FilterChainProxy        : Securing GET /api/admin/users
2025-11-29T20:14:19.023+09:00 DEBUG 8096 --- [http-nio-8080-exec-9] o.s.s.w.a.AnonymousAuthenticationFilter  : Set SecurityContextHolder to anonymous SecurityContext
2025-11-29T20:14:19.024+09:00 DEBUG 8096 --- [http-nio-8080-exec-9] o.s.security.web.FilterChainProxy        : Secured GET /api/admin/users
2025-11-29T20:15:04.826+09:00 DEBUG 8096 --- [http-nio-8080-exec-10] o.s.security.web.FilterChainProxy        : Securing GET /api/categories
2025-11-29T20:15:04.856+09:00 DEBUG 8096 --- [http-nio-8080-exec-2] o.s.security.web.FilterChainProxy        : Securing GET /api/keywords/recommended
2025-11-29T20:15:04.842+09:00 DEBUG 8096 --- [http-nio-8080-exec-1] o.s.security.web.FilterChainProxy        : Securing GET /api/products?page=0&size=12
2025-11-29T20:15:04.853+09:00 DEBUG 8096 --- [http-nio-8080-exec-10] o.s.s.w.a.AnonymousAuthenticationFilter  : Set SecurityContextHolder to anonymous SecurityContext
2025-11-29T20:15:04.925+09:00 DEBUG 8096 --- [http-nio-8080-exec-2] o.s.s.w.a.AnonymousAuthenticationFilter  : Set SecurityContextHolder to anonymous SecurityContext
2025-11-29T20:15:04.940+09:00 DEBUG 8096 --- [http-nio-8080-exec-4] o.s.security.web.FilterChainProxy        : Securing GET /api/reviews/recent
2025-11-29T20:15:04.949+09:00 DEBUG 8096 --- [http-nio-8080-exec-1] o.s.s.w.a.AnonymousAuthenticationFilter  : Set SecurityContextHolder to anonymous SecurityContext
2025-11-29T20:15:04.954+09:00 DEBUG 8096 --- [http-nio-8080-exec-2] o.s.security.web.FilterChainProxy        : Secured GET /api/keywords/recommended
2025-11-29T20:15:04.973+09:00 DEBUG 8096 --- [http-nio-8080-exec-4] o.s.s.w.a.AnonymousAuthenticationFilter  : Set SecurityContextHolder to anonymous SecurityContext
2025-11-29T20:15:04.949+09:00 DEBUG 8096 --- [http-nio-8080-exec-3] o.s.security.web.FilterChainProxy        : Securing GET /api/lightning-deals
2025-11-29T20:15:05.001+09:00 DEBUG 8096 --- [http-nio-8080-exec-3] o.s.s.w.a.AnonymousAuthenticationFilter  : Set SecurityContextHolder to anonymous SecurityContext
2025-11-29T20:15:04.999+09:00 DEBUG 8096 --- [http-nio-8080-exec-4] o.s.security.web.FilterChainProxy        : Secured GET /api/reviews/recent
2025-11-29T20:15:05.003+09:00 DEBUG 8096 --- [http-nio-8080-exec-1] o.s.security.web.FilterChainProxy        : Secured GET /api/products?page=0&size=12
2025-11-29T20:15:05.005+09:00 DEBUG 8096 --- [http-nio-8080-exec-10] o.s.s.w.a.Http403ForbiddenEntryPoint     : Pre-authenticated entry point called. Rejecting access
2025-11-29T20:15:05.058+09:00 DEBUG 8096 --- [http-nio-8080-exec-3] o.s.security.web.FilterChainProxy        : Secured GET /api/lightning-deals
2025-11-29T20:15:05.108+09:00 DEBUG 8096 --- [http-nio-8080-exec-10] o.s.security.web.FilterChainProxy        : Securing GET /error
2025-11-29T20:15:05.140+09:00  INFO 8096 --- [http-nio-8080-exec-1] c.e.s.d.p.controller.ProductController   : getProducts called: categoryId=null, minPrice=null, maxPrice=null, keyword=null, pageable=Page request [number: 0, size 12, sort: UNSORTED]
2025-11-29T20:15:05.191+09:00  INFO 8096 --- [http-nio-8080-exec-1] c.e.s.d.p.s.impl.ProductServiceImpl      : ProductService.getProductList called with: categoryId=null, sort=null, minPrice=null, maxPrice=null, keyword=null, pageable=Page request [number: 0, size 12, sort: UNSORTED]
2025-11-29T20:15:05.304+09:00 DEBUG 8096 --- [http-nio-8080-exec-10] o.s.s.w.a.AnonymousAuthenticationFilter  : Set SecurityContextHolder to anonymous SecurityContext
2025-11-29T20:15:05.371+09:00 DEBUG 8096 --- [http-nio-8080-exec-10] o.s.s.w.a.Http403ForbiddenEntryPoint     : Pre-authenticated entry point called. Rejecting access
2025-11-29T20:15:05.608+09:00  WARN 8096 --- [http-nio-8080-exec-4] o.h.engine.jdbc.spi.SqlExceptionHelper   : SQL Error: 1054, SQLState: 42S22
2025-11-29T20:15:05.616+09:00 ERROR 8096 --- [http-nio-8080-exec-4] o.h.engine.jdbc.spi.SqlExceptionHelper   : Unknown column 'r1_0.updated_at' in 'field list'
2025-11-29T20:15:05.689+09:00 ERROR 8096 --- [http-nio-8080-exec-4] c.e.s.g.e.GlobalExceptionHandler         : Unexpected error occurred: 

org.springframework.dao.InvalidDataAccessResourceUsageException: JDBC exception executing SQL [select r1_0.review_id,r1_0.content,r1_0.created_at,r1_0.member_id,r1_0.product_id,r1_0.rating,r1_0.updated_at from review r1_0 order by r1_0.created_at desc limit ?]; SQL [n/a]
	at org.springframework.orm.jpa.vendor.HibernateJpaDialect.convertHibernateAccessException(HibernateJpaDialect.java:257) ~[spring-orm-6.0.2.jar:6.0.2]
	at org.springframework.orm.jpa.vendor.HibernateJpaDialect.translateExceptionIfPossible(HibernateJpaDialect.java:233) ~[spring-orm-6.0.2.jar:6.0.2]
	at org.springframework.orm.jpa.AbstractEntityManagerFactoryBean.translateExceptionIfPossible(AbstractEntityManagerFactoryBean.java:550) ~[spring-orm-6.0.2.jar:6.0.2]
	at org.springframework.dao.support.ChainedPersistenceExceptionTranslator.translateExceptionIfPossible(ChainedPersistenceExceptionTranslator.java:61) ~[spring-tx-6.0.2.jar:6.0.2]
	at org.springframework.dao.support.DataAccessUtils.translateIfNecessary(DataAccessUtils.java:242) ~[spring-tx-6.0.2.jar:6.0.2]
	at org.springframework.dao.support.PersistenceExceptionTranslationInterceptor.invoke(PersistenceExceptionTranslationInterceptor.java:152) ~[spring-tx-6.0.2.jar:6.0.2]
	at org.springframework.aop.framework.ReflectiveMethodInvocation.proceed(ReflectiveMethodInvocation.java:184) ~[spring-aop-6.0.2.jar:6.0.2]
	at org.springframework.data.jpa.repository.support.CrudMethodMetadataPostProcessor$CrudMethodMetadataPopulatingMethodInterceptor.invoke(CrudMethodMetadataPostProcessor.java:134) ~[spring-data-jpa-3.0.0.jar:3.0.0]
	at org.springframework.aop.framework.ReflectiveMethodInvocation.proceed(ReflectiveMethodInvocation.java:184) ~[spring-aop-6.0.2.jar:6.0.2]
	at org.springframework.aop.interceptor.ExposeInvocationInterceptor.invoke(ExposeInvocationInterceptor.java:97) ~[spring-aop-6.0.2.jar:6.0.2]
	at org.springframework.aop.framework.ReflectiveMethodInvocation.proceed(ReflectiveMethodInvocation.java:184) ~[spring-aop-6.0.2.jar:6.0.2]
	at org.springframework.aop.framework.JdkDynamicAopProxy.invoke(JdkDynamicAopProxy.java:218) ~[spring-aop-6.0.2.jar:6.0.2]
	at jdk.proxy2/jdk.proxy2.$Proxy155.findTop3ByOrderByCreatedAtDesc(Unknown Source) ~[na:na]
	at com.example.shop.domain.review.service.impl.ReviewServiceImpl.getRecentReviews(ReviewServiceImpl.java:58) ~[classes/:na]
	at com.example.shop.domain.review.controller.ReviewController.getRecentReviews(ReviewController.java:47) ~[classes/:na]
	at java.base/jdk.internal.reflect.NativeMethodAccessorImpl.invoke0(Native Method) ~[na:na]
	at java.base/jdk.internal.reflect.NativeMethodAccessorImpl.invoke(NativeMethodAccessorImpl.java:77) ~[na:na]
	at java.base/jdk.internal.reflect.DelegatingMethodAccessorImpl.invoke(DelegatingMethodAccessorImpl.java:43) ~[na:na]
	at java.base/java.lang.reflect.Method.invoke(Method.java:568) ~[na:na]
	at org.springframework.web.method.support.InvocableHandlerMethod.doInvoke(InvocableHandlerMethod.java:207) ~[spring-web-6.0.2.jar:6.0.2]
	at org.springframework.web.method.support.InvocableHandlerMethod.invokeForRequest(InvocableHandlerMethod.java:152) ~[spring-web-6.0.2.jar:6.0.2]
	at org.springframework.web.servlet.mvc.method.annotation.ServletInvocableHandlerMethod.invokeAndHandle(ServletInvocableHandlerMethod.java:117) ~[spring-webmvc-6.0.2.jar:6.0.2]
	at org.springframework.web.servlet.mvc.method.annotation.RequestMappingHandlerAdapter.invokeHandlerMethod(RequestMappingHandlerAdapter.java:884) ~[spring-webmvc-6.0.2.jar:6.0.2]
	at org.springframework.web.servlet.mvc.method.annotation.RequestMappingHandlerAdapter.handleInternal(RequestMappingHandlerAdapter.java:797) ~[spring-webmvc-6.0.2.jar:6.0.2]
	at org.springframework.web.servlet.mvc.method.AbstractHandlerMethodAdapter.handle(AbstractHandlerMethodAdapter.java:87) ~[spring-webmvc-6.0.2.jar:6.0.2]
	at org.springframework.web.servlet.DispatcherServlet.doDispatch(DispatcherServlet.java:1080) ~[spring-webmvc-6.0.2.jar:6.0.2]
	at org.springframework.web.servlet.DispatcherServlet.doService(DispatcherServlet.java:973) ~[spring-webmvc-6.0.2.jar:6.0.2]
	at org.springframework.web.servlet.FrameworkServlet.processRequest(FrameworkServlet.java:1003) ~[spring-webmvc-6.0.2.jar:6.0.2]
	at org.springframework.web.servlet.FrameworkServlet.doGet(FrameworkServlet.java:895) ~[spring-webmvc-6.0.2.jar:6.0.2]
	at jakarta.servlet.http.HttpServlet.service(HttpServlet.java:705) ~[tomcat-embed-core-10.1.1.jar:6.0]
	at org.springframework.web.servlet.FrameworkServlet.service(FrameworkServlet.java:880) ~[spring-webmvc-6.0.2.jar:6.0.2]
	at jakarta.servlet.http.HttpServlet.service(HttpServlet.java:814) ~[tomcat-embed-core-10.1.1.jar:6.0]
	at org.apache.catalina.core.ApplicationFilterChain.internalDoFilter(ApplicationFilterChain.java:223) ~[tomcat-embed-core-10.1.1.jar:10.1.1]
	at org.apache.catalina.core.ApplicationFilterChain.doFilter(ApplicationFilterChain.java:158) ~[tomcat-embed-core-10.1.1.jar:10.1.1]
	at org.apache.tomcat.websocket.server.WsFilter.doFilter(WsFilter.java:53) ~[tomcat-embed-websocket-10.1.1.jar:10.1.1]
	at org.apache.catalina.core.ApplicationFilterChain.internalDoFilter(ApplicationFilterChain.java:185) ~[tomcat-embed-core-10.1.1.jar:10.1.1]
	at org.apache.catalina.core.ApplicationFilterChain.doFilter(ApplicationFilterChain.java:158) ~[tomcat-embed-core-10.1.1.jar:10.1.1]
	at org.springframework.web.filter.OncePerRequestFilter.doFilter(OncePerRequestFilter.java:110) ~[spring-web-6.0.2.jar:6.0.2]
	at org.apache.catalina.core.ApplicationFilterChain.internalDoFilter(ApplicationFilterChain.java:185) ~[tomcat-embed-core-10.1.1.jar:10.1.1]
	at org.apache.catalina.core.ApplicationFilterChain.doFilter(ApplicationFilterChain.java:158) ~[tomcat-embed-core-10.1.1.jar:10.1.1]
	at org.springframework.security.web.FilterChainProxy.lambda$doFilterInternal$3(FilterChainProxy.java:231) ~[spring-security-web-6.0.0.jar:6.0.0]
	at org.springframework.security.web.FilterChainProxy$VirtualFilterChain.doFilter(FilterChainProxy.java:365) ~[spring-security-web-6.0.0.jar:6.0.0]
	at org.springframework.security.web.access.intercept.AuthorizationFilter.doFilter(AuthorizationFilter.java:100) ~[spring-security-web-6.0.0.jar:6.0.0]
	at org.springframework.security.web.FilterChainProxy$VirtualFilterChain.doFilter(FilterChainProxy.java:374) ~[spring-security-web-6.0.0.jar:6.0.0]
	at org.springframework.security.web.access.ExceptionTranslationFilter.doFilter(ExceptionTranslationFilter.java:126) ~[spring-security-web-6.0.0.jar:6.0.0]
	at org.springframework.security.web.access.ExceptionTranslationFilter.doFilter(ExceptionTranslationFilter.java:120) ~[spring-security-web-6.0.0.jar:6.0.0]
	at org.springframework.security.web.FilterChainProxy$VirtualFilterChain.doFilter(FilterChainProxy.java:374) ~[spring-security-web-6.0.0.jar:6.0.0]
	at org.springframework.security.web.session.SessionManagementFilter.doFilter(SessionManagementFilter.java:131) ~[spring-security-web-6.0.0.jar:6.0.0]
	at org.springframework.security.web.session.SessionManagementFilter.doFilter(SessionManagementFilter.java:85) ~[spring-security-web-6.0.0.jar:6.0.0]
	at org.springframework.security.web.FilterChainProxy$VirtualFilterChain.doFilter(FilterChainProxy.java:374) ~[spring-security-web-6.0.0.jar:6.0.0]
	at org.springframework.security.web.authentication.AnonymousAuthenticationFilter.doFilter(AnonymousAuthenticationFilter.java:100) ~[spring-security-web-6.0.0.jar:6.0.0]
	at org.springframework.security.web.FilterChainProxy$VirtualFilterChain.doFilter(FilterChainProxy.java:374) ~[spring-security-web-6.0.0.jar:6.0.0]
	at org.springframework.security.web.servletapi.SecurityContextHolderAwareRequestFilter.doFilter(SecurityContextHolderAwareRequestFilter.java:179) ~[spring-security-web-6.0.0.jar:6.0.0]
	at org.springframework.security.web.FilterChainProxy$VirtualFilterChain.doFilter(FilterChainProxy.java:374) ~[spring-security-web-6.0.0.jar:6.0.0]
	at org.springframework.security.web.savedrequest.RequestCacheAwareFilter.doFilter(RequestCacheAwareFilter.java:63) ~[spring-security-web-6.0.0.jar:6.0.0]
	at org.springframework.security.web.FilterChainProxy$VirtualFilterChain.doFilter(FilterChainProxy.java:374) ~[spring-security-web-6.0.0.jar:6.0.0]
	at com.example.shop.config.JwtAuthenticationFilter.doFilterInternal(JwtAuthenticationFilter.java:36) ~[classes/:na]
	at org.springframework.web.filter.OncePerRequestFilter.doFilter(OncePerRequestFilter.java:116) ~[spring-web-6.0.2.jar:6.0.2]
	at org.springframework.security.web.FilterChainProxy$VirtualFilterChain.doFilter(FilterChainProxy.java:374) ~[spring-security-web-6.0.0.jar:6.0.0]
	at org.springframework.security.web.authentication.logout.LogoutFilter.doFilter(LogoutFilter.java:107) ~[spring-security-web-6.0.0.jar:6.0.0]
	at org.springframework.security.web.authentication.logout.LogoutFilter.doFilter(LogoutFilter.java:93) ~[spring-security-web-6.0.0.jar:6.0.0]
	at org.springframework.security.web.FilterChainProxy$VirtualFilterChain.doFilter(FilterChainProxy.java:374) ~[spring-security-web-6.0.0.jar:6.0.0]
	at org.springframework.security.web.header.HeaderWriterFilter.doHeadersAfter(HeaderWriterFilter.java:90) ~[spring-security-web-6.0.0.jar:6.0.0]
	at org.springframework.security.web.header.HeaderWriterFilter.doFilterInternal(HeaderWriterFilter.java:75) ~[spring-security-web-6.0.0.jar:6.0.0]
	at org.springframework.web.filter.OncePerRequestFilter.doFilter(OncePerRequestFilter.java:116) ~[spring-web-6.0.2.jar:6.0.2]
	at org.springframework.security.web.FilterChainProxy$VirtualFilterChain.doFilter(FilterChainProxy.java:374) ~[spring-security-web-6.0.0.jar:6.0.0]
	at org.springframework.security.web.context.SecurityContextHolderFilter.doFilterInternal(SecurityContextHolderFilter.java:69) ~[spring-security-web-6.0.0.jar:6.0.0]
	at org.springframework.web.filter.OncePerRequestFilter.doFilter(OncePerRequestFilter.java:116) ~[spring-web-6.0.2.jar:6.0.2]
	at org.springframework.security.web.FilterChainProxy$VirtualFilterChain.doFilter(FilterChainProxy.java:374) ~[spring-security-web-6.0.0.jar:6.0.0]
	at org.springframework.security.web.context.request.async.WebAsyncManagerIntegrationFilter.doFilterInternal(WebAsyncManagerIntegrationFilter.java:62) ~[spring-security-web-6.0.0.jar:6.0.0]
	at org.springframework.web.filter.OncePerRequestFilter.doFilter(OncePerRequestFilter.java:116) ~[spring-web-6.0.2.jar:6.0.2]
	at org.springframework.security.web.FilterChainProxy$VirtualFilterChain.doFilter(FilterChainProxy.java:374) ~[spring-security-web-6.0.0.jar:6.0.0]
	at org.springframework.security.web.session.DisableEncodeUrlFilter.doFilterInternal(DisableEncodeUrlFilter.java:42) ~[spring-security-web-6.0.0.jar:6.0.0]
	at org.springframework.web.filter.OncePerRequestFilter.doFilter(OncePerRequestFilter.java:116) ~[spring-web-6.0.2.jar:6.0.2]
	at org.springframework.security.web.FilterChainProxy$VirtualFilterChain.doFilter(FilterChainProxy.java:374) ~[spring-security-web-6.0.0.jar:6.0.0]
	at org.springframework.security.web.FilterChainProxy.doFilterInternal(FilterChainProxy.java:233) ~[spring-security-web-6.0.0.jar:6.0.0]
	at org.springframework.security.web.FilterChainProxy.doFilter(FilterChainProxy.java:191) ~[spring-security-web-6.0.0.jar:6.0.0]
	at org.springframework.web.filter.DelegatingFilterProxy.invokeDelegate(DelegatingFilterProxy.java:351) ~[spring-web-6.0.2.jar:6.0.2]
	at org.springframework.web.filter.DelegatingFilterProxy.doFilter(DelegatingFilterProxy.java:267) ~[spring-web-6.0.2.jar:6.0.2]
	at org.apache.catalina.core.ApplicationFilterChain.internalDoFilter(ApplicationFilterChain.java:185) ~[tomcat-embed-core-10.1.1.jar:10.1.1]
	at org.apache.catalina.core.ApplicationFilterChain.doFilter(ApplicationFilterChain.java:158) ~[tomcat-embed-core-10.1.1.jar:10.1.1]
	at org.springframework.web.filter.RequestContextFilter.doFilterInternal(RequestContextFilter.java:100) ~[spring-web-6.0.2.jar:6.0.2]
	at org.springframework.web.filter.OncePerRequestFilter.doFilter(OncePerRequestFilter.java:116) ~[spring-web-6.0.2.jar:6.0.2]
	at org.apache.catalina.core.ApplicationFilterChain.internalDoFilter(ApplicationFilterChain.java:185) ~[tomcat-embed-core-10.1.1.jar:10.1.1]
	at org.apache.catalina.core.ApplicationFilterChain.doFilter(ApplicationFilterChain.java:158) ~[tomcat-embed-core-10.1.1.jar:10.1.1]
	at org.springframework.web.filter.FormContentFilter.doFilterInternal(FormContentFilter.java:93) ~[spring-web-6.0.2.jar:6.0.2]
	at org.springframework.web.filter.OncePerRequestFilter.doFilter(OncePerRequestFilter.java:116) ~[spring-web-6.0.2.jar:6.0.2]
	at org.apache.catalina.core.ApplicationFilterChain.internalDoFilter(ApplicationFilterChain.java:185) ~[tomcat-embed-core-10.1.1.jar:10.1.1]
	at org.apache.catalina.core.ApplicationFilterChain.doFilter(ApplicationFilterChain.java:158) ~[tomcat-embed-core-10.1.1.jar:10.1.1]
	at org.springframework.web.filter.CharacterEncodingFilter.doFilterInternal(CharacterEncodingFilter.java:201) ~[spring-web-6.0.2.jar:6.0.2]
	at org.springframework.web.filter.OncePerRequestFilter.doFilter(OncePerRequestFilter.java:116) ~[spring-web-6.0.2.jar:6.0.2]
	at org.apache.catalina.core.ApplicationFilterChain.internalDoFilter(ApplicationFilterChain.java:185) ~[tomcat-embed-core-10.1.1.jar:10.1.1]
	at org.apache.catalina.core.ApplicationFilterChain.doFilter(ApplicationFilterChain.java:158) ~[tomcat-embed-core-10.1.1.jar:10.1.1]
	at org.apache.catalina.core.StandardWrapperValve.invoke(StandardWrapperValve.java:197) ~[tomcat-embed-core-10.1.1.jar:10.1.1]
	at org.apache.catalina.core.StandardContextValve.invoke(StandardContextValve.java:97) ~[tomcat-embed-core-10.1.1.jar:10.1.1]
	at org.apache.catalina.authenticator.AuthenticatorBase.invoke(AuthenticatorBase.java:542) ~[tomcat-embed-core-10.1.1.jar:10.1.1]
	at org.apache.catalina.core.StandardHostValve.invoke(StandardHostValve.java:119) ~[tomcat-embed-core-10.1.1.jar:10.1.1]
	at org.apache.catalina.valves.ErrorReportValve.invoke(ErrorReportValve.java:92) ~[tomcat-embed-core-10.1.1.jar:10.1.1]
	at org.apache.catalina.core.StandardEngineValve.invoke(StandardEngineValve.java:78) ~[tomcat-embed-core-10.1.1.jar:10.1.1]
	at org.apache.catalina.connector.CoyoteAdapter.service(CoyoteAdapter.java:357) ~[tomcat-embed-core-10.1.1.jar:10.1.1]
	at org.apache.coyote.http11.Http11Processor.service(Http11Processor.java:400) ~[tomcat-embed-core-10.1.1.jar:10.1.1]
	at org.apache.coyote.AbstractProcessorLight.process(AbstractProcessorLight.java:65) ~[tomcat-embed-core-10.1.1.jar:10.1.1]
	at org.apache.coyote.AbstractProtocol$ConnectionHandler.process(AbstractProtocol.java:861) ~[tomcat-embed-core-10.1.1.jar:10.1.1]
	at org.apache.tomcat.util.net.NioEndpoint$SocketProcessor.doRun(NioEndpoint.java:1739) ~[tomcat-embed-core-10.1.1.jar:10.1.1]
	at org.apache.tomcat.util.net.SocketProcessorBase.run(SocketProcessorBase.java:52) ~[tomcat-embed-core-10.1.1.jar:10.1.1]
	at org.apache.tomcat.util.threads.ThreadPoolExecutor.runWorker(ThreadPoolExecutor.java:1191) ~[tomcat-embed-core-10.1.1.jar:10.1.1]
	at org.apache.tomcat.util.threads.ThreadPoolExecutor$Worker.run(ThreadPoolExecutor.java:659) ~[tomcat-embed-core-10.1.1.jar:10.1.1]
	at org.apache.tomcat.util.threads.TaskThread$WrappingRunnable.run(TaskThread.java:61) ~[tomcat-embed-core-10.1.1.jar:10.1.1]
	at java.base/java.lang.Thread.run(Thread.java:833) ~[na:na]
Caused by: org.hibernate.exception.SQLGrammarException: JDBC exception executing SQL [select r1_0.review_id,r1_0.content,r1_0.created_at,r1_0.member_id,r1_0.product_id,r1_0.rating,r1_0.updated_at from review r1_0 order by r1_0.created_at desc limit ?]
	at org.hibernate.exception.internal.SQLExceptionTypeDelegate.convert(SQLExceptionTypeDelegate.java:64) ~[hibernate-core-6.1.5.Final.jar:6.1.5.Final]
	at org.hibernate.exception.internal.StandardSQLExceptionConverter.convert(StandardSQLExceptionConverter.java:56) ~[hibernate-core-6.1.5.Final.jar:6.1.5.Final]
	at org.hibernate.engine.jdbc.spi.SqlExceptionHelper.convert(SqlExceptionHelper.java:109) ~[hibernate-core-6.1.5.Final.jar:6.1.5.Final]
	at org.hibernate.engine.jdbc.spi.SqlExceptionHelper.convert(SqlExceptionHelper.java:95) ~[hibernate-core-6.1.5.Final.jar:6.1.5.Final]
	at org.hibernate.sql.results.jdbc.internal.DeferredResultSetAccess.executeQuery(DeferredResultSetAccess.java:253) ~[hibernate-core-6.1.5.Final.jar:6.1.5.Final]
	at org.hibernate.sql.results.jdbc.internal.DeferredResultSetAccess.getResultSet(DeferredResultSetAccess.java:146) ~[hibernate-core-6.1.5.Final.jar:6.1.5.Final]
	at org.hibernate.sql.results.jdbc.internal.JdbcValuesResultSetImpl.lambda$processNext$0(JdbcValuesResultSetImpl.java:89) ~[hibernate-core-6.1.5.Final.jar:6.1.5.Final]
	at org.hibernate.sql.results.jdbc.internal.JdbcValuesResultSetImpl.advance(JdbcValuesResultSetImpl.java:274) ~[hibernate-core-6.1.5.Final.jar:6.1.5.Final]
	at org.hibernate.sql.results.jdbc.internal.JdbcValuesResultSetImpl.processNext(JdbcValuesResultSetImpl.java:85) ~[hibernate-core-6.1.5.Final.jar:6.1.5.Final]
	at org.hibernate.sql.results.jdbc.internal.AbstractJdbcValues.next(AbstractJdbcValues.java:29) ~[hibernate-core-6.1.5.Final.jar:6.1.5.Final]
	at org.hibernate.sql.results.internal.RowProcessingStateStandardImpl.next(RowProcessingStateStandardImpl.java:89) ~[hibernate-core-6.1.5.Final.jar:6.1.5.Final]
	at org.hibernate.sql.results.spi.ListResultsConsumer.consume(ListResultsConsumer.java:142) ~[hibernate-core-6.1.5.Final.jar:6.1.5.Final]
	at org.hibernate.sql.results.spi.ListResultsConsumer.consume(ListResultsConsumer.java:32) ~[hibernate-core-6.1.5.Final.jar:6.1.5.Final]
	at org.hibernate.sql.exec.internal.JdbcSelectExecutorStandardImpl.doExecuteQuery(JdbcSelectExecutorStandardImpl.java:443) ~[hibernate-core-6.1.5.Final.jar:6.1.5.Final]
	at org.hibernate.sql.exec.internal.JdbcSelectExecutorStandardImpl.executeQuery(JdbcSelectExecutorStandardImpl.java:166) ~[hibernate-core-6.1.5.Final.jar:6.1.5.Final]
	at org.hibernate.sql.exec.internal.JdbcSelectExecutorStandardImpl.list(JdbcSelectExecutorStandardImpl.java:91) ~[hibernate-core-6.1.5.Final.jar:6.1.5.Final]
	at org.hibernate.sql.exec.spi.JdbcSelectExecutor.list(JdbcSelectExecutor.java:31) ~[hibernate-core-6.1.5.Final.jar:6.1.5.Final]
	at org.hibernate.query.sqm.internal.ConcreteSqmSelectQueryPlan.lambda$new$0(ConcreteSqmSelectQueryPlan.java:102) ~[hibernate-core-6.1.5.Final.jar:6.1.5.Final]
	at org.hibernate.query.sqm.internal.ConcreteSqmSelectQueryPlan.withCacheableSqmInterpretation(ConcreteSqmSelectQueryPlan.java:305) ~[hibernate-core-6.1.5.Final.jar:6.1.5.Final]
	at org.hibernate.query.sqm.internal.ConcreteSqmSelectQueryPlan.performList(ConcreteSqmSelectQueryPlan.java:246) ~[hibernate-core-6.1.5.Final.jar:6.1.5.Final]
	at org.hibernate.query.sqm.internal.QuerySqmImpl.doList(QuerySqmImpl.java:546) ~[hibernate-core-6.1.5.Final.jar:6.1.5.Final]
	at org.hibernate.query.spi.AbstractSelectionQuery.list(AbstractSelectionQuery.java:363) ~[hibernate-core-6.1.5.Final.jar:6.1.5.Final]
	at org.hibernate.query.sqm.internal.QuerySqmImpl.list(QuerySqmImpl.java:1032) ~[hibernate-core-6.1.5.Final.jar:6.1.5.Final]
	at org.hibernate.query.Query.getResultList(Query.java:94) ~[hibernate-core-6.1.5.Final.jar:6.1.5.Final]
	at org.springframework.data.jpa.repository.query.JpaQueryExecution$CollectionExecution.doExecute(JpaQueryExecution.java:127) ~[spring-data-jpa-3.0.0.jar:3.0.0]
	at org.springframework.data.jpa.repository.query.JpaQueryExecution.execute(JpaQueryExecution.java:90) ~[spring-data-jpa-3.0.0.jar:3.0.0]
	at org.springframework.data.jpa.repository.query.AbstractJpaQuery.doExecute(AbstractJpaQuery.java:148) ~[spring-data-jpa-3.0.0.jar:3.0.0]
	at org.springframework.data.jpa.repository.query.AbstractJpaQuery.execute(AbstractJpaQuery.java:136) ~[spring-data-jpa-3.0.0.jar:3.0.0]
	at org.springframework.data.repository.core.support.RepositoryMethodInvoker.doInvoke(RepositoryMethodInvoker.java:136) ~[spring-data-commons-3.0.0.jar:3.0.0]
	at org.springframework.data.repository.core.support.RepositoryMethodInvoker.invoke(RepositoryMethodInvoker.java:120) ~[spring-data-commons-3.0.0.jar:3.0.0]
	at org.springframework.data.repository.core.support.QueryExecutorMethodInterceptor.doInvoke(QueryExecutorMethodInterceptor.java:164) ~[spring-data-commons-3.0.0.jar:3.0.0]
	at org.springframework.data.repository.core.support.QueryExecutorMethodInterceptor.invoke(QueryExecutorMethodInterceptor.java:143) ~[spring-data-commons-3.0.0.jar:3.0.0]
	at org.springframework.aop.framework.ReflectiveMethodInvocation.proceed(ReflectiveMethodInvocation.java:184) ~[spring-aop-6.0.2.jar:6.0.2]
	at org.springframework.data.projection.DefaultMethodInvokingMethodInterceptor.invoke(DefaultMethodInvokingMethodInterceptor.java:77) ~[spring-data-commons-3.0.0.jar:3.0.0]
	at org.springframework.aop.framework.ReflectiveMethodInvocation.proceed(ReflectiveMethodInvocation.java:184) ~[spring-aop-6.0.2.jar:6.0.2]
	at org.springframework.transaction.interceptor.TransactionInterceptor$1.proceedWithInvocation(TransactionInterceptor.java:123) ~[spring-tx-6.0.2.jar:6.0.2]
	at org.springframework.transaction.interceptor.TransactionAspectSupport.invokeWithinTransaction(TransactionAspectSupport.java:388) ~[spring-tx-6.0.2.jar:6.0.2]
	at org.springframework.transaction.interceptor.TransactionInterceptor.invoke(TransactionInterceptor.java:119) ~[spring-tx-6.0.2.jar:6.0.2]
	at org.springframework.aop.framework.ReflectiveMethodInvocation.proceed(ReflectiveMethodInvocation.java:184) ~[spring-aop-6.0.2.jar:6.0.2]
	at org.springframework.dao.support.PersistenceExceptionTranslationInterceptor.invoke(PersistenceExceptionTranslationInterceptor.java:137) ~[spring-tx-6.0.2.jar:6.0.2]
	... 103 common frames omitted
Caused by: java.sql.SQLSyntaxErrorException: Unknown column 'r1_0.updated_at' in 'field list'
	at com.mysql.cj.jdbc.exceptions.SQLError.createSQLException(SQLError.java:120) ~[mysql-connector-j-8.0.31.jar:8.0.31]
	at com.mysql.cj.jdbc.exceptions.SQLExceptionsMapping.translateException(SQLExceptionsMapping.java:122) ~[mysql-connector-j-8.0.31.jar:8.0.31]
	at com.mysql.cj.jdbc.ClientPreparedStatement.executeInternal(ClientPreparedStatement.java:916) ~[mysql-connector-j-8.0.31.jar:8.0.31]
	at com.mysql.cj.jdbc.ClientPreparedStatement.executeQuery(ClientPreparedStatement.java:972) ~[mysql-connector-j-8.0.31.jar:8.0.31]
	at com.zaxxer.hikari.pool.ProxyPreparedStatement.executeQuery(ProxyPreparedStatement.java:52) ~[HikariCP-5.0.1.jar:na]
	at com.zaxxer.hikari.pool.HikariProxyPreparedStatement.executeQuery(HikariProxyPreparedStatement.java) ~[HikariCP-5.0.1.jar:na]
	at org.hibernate.sql.results.jdbc.internal.DeferredResultSetAccess.executeQuery(DeferredResultSetAccess.java:217) ~[hibernate-core-6.1.5.Final.jar:6.1.5.Final]
	... 138 common frames omitted

2025-11-29T20:15:05.822+09:00  INFO 8096 --- [http-nio-8080-exec-1] c.e.s.d.p.controller.ProductController   : getProducts result count: 2
2025-11-29T20:15:06.029+09:00 DEBUG 8096 --- [http-nio-8080-exec-5] o.s.security.web.FilterChainProxy        : Securing GET /api/cart
2025-11-29T20:15:06.042+09:00 DEBUG 8096 --- [http-nio-8080-exec-5] o.s.s.w.a.AnonymousAuthenticationFilter  : Set SecurityContextHolder to anonymous SecurityContext
2025-11-29T20:15:06.053+09:00 DEBUG 8096 --- [http-nio-8080-exec-6] o.s.security.web.FilterChainProxy        : Securing GET /api/orders
2025-11-29T20:15:06.072+09:00 DEBUG 8096 --- [http-nio-8080-exec-6] o.s.s.w.a.AnonymousAuthenticationFilter  : Set SecurityContextHolder to anonymous SecurityContext
2025-11-29T20:15:06.093+09:00 DEBUG 8096 --- [http-nio-8080-exec-6] o.s.security.web.FilterChainProxy        : Secured GET /api/orders
2025-11-29T20:15:06.075+09:00 DEBUG 8096 --- [http-nio-8080-exec-5] o.s.security.web.FilterChainProxy        : Secured GET /api/cart
2025-11-29T20:15:06.070+09:00 DEBUG 8096 --- [http-nio-8080-exec-7] o.s.security.web.FilterChainProxy        : Securing GET /api/reviews/1
2025-11-29T20:15:06.108+09:00 DEBUG 8096 --- [http-nio-8080-exec-7] o.s.s.w.a.AnonymousAuthenticationFilter  : Set SecurityContextHolder to anonymous SecurityContext
2025-11-29T20:15:06.148+09:00  WARN 8096 --- [http-nio-8080-exec-6] o.h.engine.jdbc.spi.SqlExceptionHelper   : SQL Error: 1054, SQLState: 42S22
2025-11-29T20:15:06.155+09:00 ERROR 8096 --- [http-nio-8080-exec-6] o.h.engine.jdbc.spi.SqlExceptionHelper   : Unknown column 'o1_0.updated_at' in 'field list'
2025-11-29T20:15:06.158+09:00 DEBUG 8096 --- [http-nio-8080-exec-7] o.s.security.web.FilterChainProxy        : Secured GET /api/reviews/1
2025-11-29T20:15:06.190+09:00 ERROR 8096 --- [http-nio-8080-exec-6] c.e.s.g.e.GlobalExceptionHandler         : Unexpected error occurred: 

org.springframework.dao.InvalidDataAccessResourceUsageException: JDBC exception executing SQL [select o1_0.order_id,o1_0.created_at,o1_0.delivery_fee,o1_0.member_id,o1_0.order_status,o1_0.total_amount,o1_0.updated_at from order_info o1_0]; SQL [n/a]
	at org.springframework.orm.jpa.vendor.HibernateJpaDialect.convertHibernateAccessException(HibernateJpaDialect.java:257) ~[spring-orm-6.0.2.jar:6.0.2]
	at org.springframework.orm.jpa.vendor.HibernateJpaDialect.translateExceptionIfPossible(HibernateJpaDialect.java:233) ~[spring-orm-6.0.2.jar:6.0.2]
	at org.springframework.orm.jpa.AbstractEntityManagerFactoryBean.translateExceptionIfPossible(AbstractEntityManagerFactoryBean.java:550) ~[spring-orm-6.0.2.jar:6.0.2]
	at org.springframework.dao.support.ChainedPersistenceExceptionTranslator.translateExceptionIfPossible(ChainedPersistenceExceptionTranslator.java:61) ~[spring-tx-6.0.2.jar:6.0.2]
	at org.springframework.dao.support.DataAccessUtils.translateIfNecessary(DataAccessUtils.java:242) ~[spring-tx-6.0.2.jar:6.0.2]
	at org.springframework.dao.support.PersistenceExceptionTranslationInterceptor.invoke(PersistenceExceptionTranslationInterceptor.java:152) ~[spring-tx-6.0.2.jar:6.0.2]
	at org.springframework.aop.framework.ReflectiveMethodInvocation.proceed(ReflectiveMethodInvocation.java:184) ~[spring-aop-6.0.2.jar:6.0.2]
	at org.springframework.data.jpa.repository.support.CrudMethodMetadataPostProcessor$CrudMethodMetadataPopulatingMethodInterceptor.invoke(CrudMethodMetadataPostProcessor.java:163) ~[spring-data-jpa-3.0.0.jar:3.0.0]
	at org.springframework.aop.framework.ReflectiveMethodInvocation.proceed(ReflectiveMethodInvocation.java:184) ~[spring-aop-6.0.2.jar:6.0.2]
	at org.springframework.aop.interceptor.ExposeInvocationInterceptor.invoke(ExposeInvocationInterceptor.java:97) ~[spring-aop-6.0.2.jar:6.0.2]
	at org.springframework.aop.framework.ReflectiveMethodInvocation.proceed(ReflectiveMethodInvocation.java:184) ~[spring-aop-6.0.2.jar:6.0.2]
	at org.springframework.aop.framework.JdkDynamicAopProxy.invoke(JdkDynamicAopProxy.java:218) ~[spring-aop-6.0.2.jar:6.0.2]
	at jdk.proxy2/jdk.proxy2.$Proxy153.findAll(Unknown Source) ~[na:na]
	at com.example.shop.domain.order.service.impl.OrderServiceImpl.getOrders(OrderServiceImpl.java:68) ~[classes/:na]
	at java.base/jdk.internal.reflect.NativeMethodAccessorImpl.invoke0(Native Method) ~[na:na]
	at java.base/jdk.internal.reflect.NativeMethodAccessorImpl.invoke(NativeMethodAccessorImpl.java:77) ~[na:na]
	at java.base/jdk.internal.reflect.DelegatingMethodAccessorImpl.invoke(DelegatingMethodAccessorImpl.java:43) ~[na:na]
	at java.base/java.lang.reflect.Method.invoke(Method.java:568) ~[na:na]
	at org.springframework.aop.support.AopUtils.invokeJoinpointUsingReflection(AopUtils.java:343) ~[spring-aop-6.0.2.jar:6.0.2]
	at org.springframework.aop.framework.CglibAopProxy$DynamicAdvisedInterceptor.intercept(CglibAopProxy.java:699) ~[spring-aop-6.0.2.jar:6.0.2]
	at com.example.shop.domain.order.service.impl.OrderServiceImpl$$SpringCGLIB$$0.getOrders(<generated>) ~[classes/:na]
	at com.example.shop.domain.order.controller.OrderController.getOrders(OrderController.java:37) ~[classes/:na]
	at java.base/jdk.internal.reflect.NativeMethodAccessorImpl.invoke0(Native Method) ~[na:na]
	at java.base/jdk.internal.reflect.NativeMethodAccessorImpl.invoke(NativeMethodAccessorImpl.java:77) ~[na:na]
	at java.base/jdk.internal.reflect.DelegatingMethodAccessorImpl.invoke(DelegatingMethodAccessorImpl.java:43) ~[na:na]
	at java.base/java.lang.reflect.Method.invoke(Method.java:568) ~[na:na]
	at org.springframework.web.method.support.InvocableHandlerMethod.doInvoke(InvocableHandlerMethod.java:207) ~[spring-web-6.0.2.jar:6.0.2]
	at org.springframework.web.method.support.InvocableHandlerMethod.invokeForRequest(InvocableHandlerMethod.java:152) ~[spring-web-6.0.2.jar:6.0.2]
	at org.springframework.web.servlet.mvc.method.annotation.ServletInvocableHandlerMethod.invokeAndHandle(ServletInvocableHandlerMethod.java:117) ~[spring-webmvc-6.0.2.jar:6.0.2]
	at org.springframework.web.servlet.mvc.method.annotation.RequestMappingHandlerAdapter.invokeHandlerMethod(RequestMappingHandlerAdapter.java:884) ~[spring-webmvc-6.0.2.jar:6.0.2]
	at org.springframework.web.servlet.mvc.method.annotation.RequestMappingHandlerAdapter.handleInternal(RequestMappingHandlerAdapter.java:797) ~[spring-webmvc-6.0.2.jar:6.0.2]
	at org.springframework.web.servlet.mvc.method.AbstractHandlerMethodAdapter.handle(AbstractHandlerMethodAdapter.java:87) ~[spring-webmvc-6.0.2.jar:6.0.2]
	at org.springframework.web.servlet.DispatcherServlet.doDispatch(DispatcherServlet.java:1080) ~[spring-webmvc-6.0.2.jar:6.0.2]
	at org.springframework.web.servlet.DispatcherServlet.doService(DispatcherServlet.java:973) ~[spring-webmvc-6.0.2.jar:6.0.2]
	at org.springframework.web.servlet.FrameworkServlet.processRequest(FrameworkServlet.java:1003) ~[spring-webmvc-6.0.2.jar:6.0.2]
	at org.springframework.web.servlet.FrameworkServlet.doGet(FrameworkServlet.java:895) ~[spring-webmvc-6.0.2.jar:6.0.2]
	at jakarta.servlet.http.HttpServlet.service(HttpServlet.java:705) ~[tomcat-embed-core-10.1.1.jar:6.0]
	at org.springframework.web.servlet.FrameworkServlet.service(FrameworkServlet.java:880) ~[spring-webmvc-6.0.2.jar:6.0.2]
	at jakarta.servlet.http.HttpServlet.service(HttpServlet.java:814) ~[tomcat-embed-core-10.1.1.jar:6.0]
	at org.apache.catalina.core.ApplicationFilterChain.internalDoFilter(ApplicationFilterChain.java:223) ~[tomcat-embed-core-10.1.1.jar:10.1.1]
	at org.apache.catalina.core.ApplicationFilterChain.doFilter(ApplicationFilterChain.java:158) ~[tomcat-embed-core-10.1.1.jar:10.1.1]
	at org.apache.tomcat.websocket.server.WsFilter.doFilter(WsFilter.java:53) ~[tomcat-embed-websocket-10.1.1.jar:10.1.1]
	at org.apache.catalina.core.ApplicationFilterChain.internalDoFilter(ApplicationFilterChain.java:185) ~[tomcat-embed-core-10.1.1.jar:10.1.1]
	at org.apache.catalina.core.ApplicationFilterChain.doFilter(ApplicationFilterChain.java:158) ~[tomcat-embed-core-10.1.1.jar:10.1.1]
	at org.springframework.web.filter.OncePerRequestFilter.doFilter(OncePerRequestFilter.java:110) ~[spring-web-6.0.2.jar:6.0.2]
	at org.apache.catalina.core.ApplicationFilterChain.internalDoFilter(ApplicationFilterChain.java:185) ~[tomcat-embed-core-10.1.1.jar:10.1.1]
	at org.apache.catalina.core.ApplicationFilterChain.doFilter(ApplicationFilterChain.java:158) ~[tomcat-embed-core-10.1.1.jar:10.1.1]
	at org.springframework.security.web.FilterChainProxy.lambda$doFilterInternal$3(FilterChainProxy.java:231) ~[spring-security-web-6.0.0.jar:6.0.0]
	at org.springframework.security.web.FilterChainProxy$VirtualFilterChain.doFilter(FilterChainProxy.java:365) ~[spring-security-web-6.0.0.jar:6.0.0]
	at org.springframework.security.web.access.intercept.AuthorizationFilter.doFilter(AuthorizationFilter.java:100) ~[spring-security-web-6.0.0.jar:6.0.0]
	at org.springframework.security.web.FilterChainProxy$VirtualFilterChain.doFilter(FilterChainProxy.java:374) ~[spring-security-web-6.0.0.jar:6.0.0]
	at org.springframework.security.web.access.ExceptionTranslationFilter.doFilter(ExceptionTranslationFilter.java:126) ~[spring-security-web-6.0.0.jar:6.0.0]
	at org.springframework.security.web.access.ExceptionTranslationFilter.doFilter(ExceptionTranslationFilter.java:120) ~[spring-security-web-6.0.0.jar:6.0.0]
	at org.springframework.security.web.FilterChainProxy$VirtualFilterChain.doFilter(FilterChainProxy.java:374) ~[spring-security-web-6.0.0.jar:6.0.0]
	at org.springframework.security.web.session.SessionManagementFilter.doFilter(SessionManagementFilter.java:131) ~[spring-security-web-6.0.0.jar:6.0.0]
	at org.springframework.security.web.session.SessionManagementFilter.doFilter(SessionManagementFilter.java:85) ~[spring-security-web-6.0.0.jar:6.0.0]
	at org.springframework.security.web.FilterChainProxy$VirtualFilterChain.doFilter(FilterChainProxy.java:374) ~[spring-security-web-6.0.0.jar:6.0.0]
	at org.springframework.security.web.authentication.AnonymousAuthenticationFilter.doFilter(AnonymousAuthenticationFilter.java:100) ~[spring-security-web-6.0.0.jar:6.0.0]
	at org.springframework.security.web.FilterChainProxy$VirtualFilterChain.doFilter(FilterChainProxy.java:374) ~[spring-security-web-6.0.0.jar:6.0.0]
	at org.springframework.security.web.servletapi.SecurityContextHolderAwareRequestFilter.doFilter(SecurityContextHolderAwareRequestFilter.java:179) ~[spring-security-web-6.0.0.jar:6.0.0]
	at org.springframework.security.web.FilterChainProxy$VirtualFilterChain.doFilter(FilterChainProxy.java:374) ~[spring-security-web-6.0.0.jar:6.0.0]
	at org.springframework.security.web.savedrequest.RequestCacheAwareFilter.doFilter(RequestCacheAwareFilter.java:63) ~[spring-security-web-6.0.0.jar:6.0.0]
	at org.springframework.security.web.FilterChainProxy$VirtualFilterChain.doFilter(FilterChainProxy.java:374) ~[spring-security-web-6.0.0.jar:6.0.0]
	at com.example.shop.config.JwtAuthenticationFilter.doFilterInternal(JwtAuthenticationFilter.java:36) ~[classes/:na]
	at org.springframework.web.filter.OncePerRequestFilter.doFilter(OncePerRequestFilter.java:116) ~[spring-web-6.0.2.jar:6.0.2]
	at org.springframework.security.web.FilterChainProxy$VirtualFilterChain.doFilter(FilterChainProxy.java:374) ~[spring-security-web-6.0.0.jar:6.0.0]
	at org.springframework.security.web.authentication.logout.LogoutFilter.doFilter(LogoutFilter.java:107) ~[spring-security-web-6.0.0.jar:6.0.0]
	at org.springframework.security.web.authentication.logout.LogoutFilter.doFilter(LogoutFilter.java:93) ~[spring-security-web-6.0.0.jar:6.0.0]
	at org.springframework.security.web.FilterChainProxy$VirtualFilterChain.doFilter(FilterChainProxy.java:374) ~[spring-security-web-6.0.0.jar:6.0.0]
	at org.springframework.security.web.header.HeaderWriterFilter.doHeadersAfter(HeaderWriterFilter.java:90) ~[spring-security-web-6.0.0.jar:6.0.0]
	at org.springframework.security.web.header.HeaderWriterFilter.doFilterInternal(HeaderWriterFilter.java:75) ~[spring-security-web-6.0.0.jar:6.0.0]
	at org.springframework.web.filter.OncePerRequestFilter.doFilter(OncePerRequestFilter.java:116) ~[spring-web-6.0.2.jar:6.0.2]
	at org.springframework.security.web.FilterChainProxy$VirtualFilterChain.doFilter(FilterChainProxy.java:374) ~[spring-security-web-6.0.0.jar:6.0.0]
	at org.springframework.security.web.context.SecurityContextHolderFilter.doFilterInternal(SecurityContextHolderFilter.java:69) ~[spring-security-web-6.0.0.jar:6.0.0]
	at org.springframework.web.filter.OncePerRequestFilter.doFilter(OncePerRequestFilter.java:116) ~[spring-web-6.0.2.jar:6.0.2]
	at org.springframework.security.web.FilterChainProxy$VirtualFilterChain.doFilter(FilterChainProxy.java:374) ~[spring-security-web-6.0.0.jar:6.0.0]
	at org.springframework.security.web.context.request.async.WebAsyncManagerIntegrationFilter.doFilterInternal(WebAsyncManagerIntegrationFilter.java:62) ~[spring-security-web-6.0.0.jar:6.0.0]
	at org.springframework.web.filter.OncePerRequestFilter.doFilter(OncePerRequestFilter.java:116) ~[spring-web-6.0.2.jar:6.0.2]
	at org.springframework.security.web.FilterChainProxy$VirtualFilterChain.doFilter(FilterChainProxy.java:374) ~[spring-security-web-6.0.0.jar:6.0.0]
	at org.springframework.security.web.session.DisableEncodeUrlFilter.doFilterInternal(DisableEncodeUrlFilter.java:42) ~[spring-security-web-6.0.0.jar:6.0.0]
	at org.springframework.web.filter.OncePerRequestFilter.doFilter(OncePerRequestFilter.java:116) ~[spring-web-6.0.2.jar:6.0.2]
	at org.springframework.security.web.FilterChainProxy$VirtualFilterChain.doFilter(FilterChainProxy.java:374) ~[spring-security-web-6.0.0.jar:6.0.0]
	at org.springframework.security.web.FilterChainProxy.doFilterInternal(FilterChainProxy.java:233) ~[spring-security-web-6.0.0.jar:6.0.0]
	at org.springframework.security.web.FilterChainProxy.doFilter(FilterChainProxy.java:191) ~[spring-security-web-6.0.0.jar:6.0.0]
	at org.springframework.web.filter.DelegatingFilterProxy.invokeDelegate(DelegatingFilterProxy.java:351) ~[spring-web-6.0.2.jar:6.0.2]
	at org.springframework.web.filter.DelegatingFilterProxy.doFilter(DelegatingFilterProxy.java:267) ~[spring-web-6.0.2.jar:6.0.2]
	at org.apache.catalina.core.ApplicationFilterChain.internalDoFilter(ApplicationFilterChain.java:185) ~[tomcat-embed-core-10.1.1.jar:10.1.1]
	at org.apache.catalina.core.ApplicationFilterChain.doFilter(ApplicationFilterChain.java:158) ~[tomcat-embed-core-10.1.1.jar:10.1.1]
	at org.springframework.web.filter.RequestContextFilter.doFilterInternal(RequestContextFilter.java:100) ~[spring-web-6.0.2.jar:6.0.2]
	at org.springframework.web.filter.OncePerRequestFilter.doFilter(OncePerRequestFilter.java:116) ~[spring-web-6.0.2.jar:6.0.2]
	at org.apache.catalina.core.ApplicationFilterChain.internalDoFilter(ApplicationFilterChain.java:185) ~[tomcat-embed-core-10.1.1.jar:10.1.1]
	at org.apache.catalina.core.ApplicationFilterChain.doFilter(ApplicationFilterChain.java:158) ~[tomcat-embed-core-10.1.1.jar:10.1.1]
	at org.springframework.web.filter.FormContentFilter.doFilterInternal(FormContentFilter.java:93) ~[spring-web-6.0.2.jar:6.0.2]
	at org.springframework.web.filter.OncePerRequestFilter.doFilter(OncePerRequestFilter.java:116) ~[spring-web-6.0.2.jar:6.0.2]
	at org.apache.catalina.core.ApplicationFilterChain.internalDoFilter(ApplicationFilterChain.java:185) ~[tomcat-embed-core-10.1.1.jar:10.1.1]
	at org.apache.catalina.core.ApplicationFilterChain.doFilter(ApplicationFilterChain.java:158) ~[tomcat-embed-core-10.1.1.jar:10.1.1]
	at org.springframework.web.filter.CharacterEncodingFilter.doFilterInternal(CharacterEncodingFilter.java:201) ~[spring-web-6.0.2.jar:6.0.2]
	at org.springframework.web.filter.OncePerRequestFilter.doFilter(OncePerRequestFilter.java:116) ~[spring-web-6.0.2.jar:6.0.2]
	at org.apache.catalina.core.ApplicationFilterChain.internalDoFilter(ApplicationFilterChain.java:185) ~[tomcat-embed-core-10.1.1.jar:10.1.1]
	at org.apache.catalina.core.ApplicationFilterChain.doFilter(ApplicationFilterChain.java:158) ~[tomcat-embed-core-10.1.1.jar:10.1.1]
	at org.apache.catalina.core.StandardWrapperValve.invoke(StandardWrapperValve.java:197) ~[tomcat-embed-core-10.1.1.jar:10.1.1]
	at org.apache.catalina.core.StandardContextValve.invoke(StandardContextValve.java:97) ~[tomcat-embed-core-10.1.1.jar:10.1.1]
	at org.apache.catalina.authenticator.AuthenticatorBase.invoke(AuthenticatorBase.java:542) ~[tomcat-embed-core-10.1.1.jar:10.1.1]
	at org.apache.catalina.core.StandardHostValve.invoke(StandardHostValve.java:119) ~[tomcat-embed-core-10.1.1.jar:10.1.1]
	at org.apache.catalina.valves.ErrorReportValve.invoke(ErrorReportValve.java:92) ~[tomcat-embed-core-10.1.1.jar:10.1.1]
	at org.apache.catalina.core.StandardEngineValve.invoke(StandardEngineValve.java:78) ~[tomcat-embed-core-10.1.1.jar:10.1.1]
	at org.apache.catalina.connector.CoyoteAdapter.service(CoyoteAdapter.java:357) ~[tomcat-embed-core-10.1.1.jar:10.1.1]
	at org.apache.coyote.http11.Http11Processor.service(Http11Processor.java:400) ~[tomcat-embed-core-10.1.1.jar:10.1.1]
	at org.apache.coyote.AbstractProcessorLight.process(AbstractProcessorLight.java:65) ~[tomcat-embed-core-10.1.1.jar:10.1.1]
	at org.apache.coyote.AbstractProtocol$ConnectionHandler.process(AbstractProtocol.java:861) ~[tomcat-embed-core-10.1.1.jar:10.1.1]
	at org.apache.tomcat.util.net.NioEndpoint$SocketProcessor.doRun(NioEndpoint.java:1739) ~[tomcat-embed-core-10.1.1.jar:10.1.1]
	at org.apache.tomcat.util.net.SocketProcessorBase.run(SocketProcessorBase.java:52) ~[tomcat-embed-core-10.1.1.jar:10.1.1]
	at org.apache.tomcat.util.threads.ThreadPoolExecutor.runWorker(ThreadPoolExecutor.java:1191) ~[tomcat-embed-core-10.1.1.jar:10.1.1]
	at org.apache.tomcat.util.threads.ThreadPoolExecutor$Worker.run(ThreadPoolExecutor.java:659) ~[tomcat-embed-core-10.1.1.jar:10.1.1]
	at org.apache.tomcat.util.threads.TaskThread$WrappingRunnable.run(TaskThread.java:61) ~[tomcat-embed-core-10.1.1.jar:10.1.1]
	at java.base/java.lang.Thread.run(Thread.java:833) ~[na:na]
Caused by: org.hibernate.exception.SQLGrammarException: JDBC exception executing SQL [select o1_0.order_id,o1_0.created_at,o1_0.delivery_fee,o1_0.member_id,o1_0.order_status,o1_0.total_amount,o1_0.updated_at from order_info o1_0]
	at org.hibernate.exception.internal.SQLExceptionTypeDelegate.convert(SQLExceptionTypeDelegate.java:64) ~[hibernate-core-6.1.5.Final.jar:6.1.5.Final]
	at org.hibernate.exception.internal.StandardSQLExceptionConverter.convert(StandardSQLExceptionConverter.java:56) ~[hibernate-core-6.1.5.Final.jar:6.1.5.Final]
	at org.hibernate.engine.jdbc.spi.SqlExceptionHelper.convert(SqlExceptionHelper.java:109) ~[hibernate-core-6.1.5.Final.jar:6.1.5.Final]
	at org.hibernate.engine.jdbc.spi.SqlExceptionHelper.convert(SqlExceptionHelper.java:95) ~[hibernate-core-6.1.5.Final.jar:6.1.5.Final]
	at org.hibernate.sql.results.jdbc.internal.DeferredResultSetAccess.executeQuery(DeferredResultSetAccess.java:253) ~[hibernate-core-6.1.5.Final.jar:6.1.5.Final]
	at org.hibernate.sql.results.jdbc.internal.DeferredResultSetAccess.getResultSet(DeferredResultSetAccess.java:146) ~[hibernate-core-6.1.5.Final.jar:6.1.5.Final]
	at org.hibernate.sql.results.jdbc.internal.JdbcValuesResultSetImpl.lambda$processNext$0(JdbcValuesResultSetImpl.java:89) ~[hibernate-core-6.1.5.Final.jar:6.1.5.Final]
	at org.hibernate.sql.results.jdbc.internal.JdbcValuesResultSetImpl.advance(JdbcValuesResultSetImpl.java:274) ~[hibernate-core-6.1.5.Final.jar:6.1.5.Final]
	at org.hibernate.sql.results.jdbc.internal.JdbcValuesResultSetImpl.processNext(JdbcValuesResultSetImpl.java:85) ~[hibernate-core-6.1.5.Final.jar:6.1.5.Final]
	at org.hibernate.sql.results.jdbc.internal.AbstractJdbcValues.next(AbstractJdbcValues.java:29) ~[hibernate-core-6.1.5.Final.jar:6.1.5.Final]
	at org.hibernate.sql.results.internal.RowProcessingStateStandardImpl.next(RowProcessingStateStandardImpl.java:89) ~[hibernate-core-6.1.5.Final.jar:6.1.5.Final]
	at org.hibernate.sql.results.spi.ListResultsConsumer.consume(ListResultsConsumer.java:142) ~[hibernate-core-6.1.5.Final.jar:6.1.5.Final]
	at org.hibernate.sql.results.spi.ListResultsConsumer.consume(ListResultsConsumer.java:32) ~[hibernate-core-6.1.5.Final.jar:6.1.5.Final]
	at org.hibernate.sql.exec.internal.JdbcSelectExecutorStandardImpl.doExecuteQuery(JdbcSelectExecutorStandardImpl.java:443) ~[hibernate-core-6.1.5.Final.jar:6.1.5.Final]
	at org.hibernate.sql.exec.internal.JdbcSelectExecutorStandardImpl.executeQuery(JdbcSelectExecutorStandardImpl.java:166) ~[hibernate-core-6.1.5.Final.jar:6.1.5.Final]
	at org.hibernate.sql.exec.internal.JdbcSelectExecutorStandardImpl.list(JdbcSelectExecutorStandardImpl.java:91) ~[hibernate-core-6.1.5.Final.jar:6.1.5.Final]
	at org.hibernate.sql.exec.spi.JdbcSelectExecutor.list(JdbcSelectExecutor.java:31) ~[hibernate-core-6.1.5.Final.jar:6.1.5.Final]
	at org.hibernate.query.sqm.internal.ConcreteSqmSelectQueryPlan.lambda$new$0(ConcreteSqmSelectQueryPlan.java:102) ~[hibernate-core-6.1.5.Final.jar:6.1.5.Final]
	at org.hibernate.query.sqm.internal.ConcreteSqmSelectQueryPlan.withCacheableSqmInterpretation(ConcreteSqmSelectQueryPlan.java:305) ~[hibernate-core-6.1.5.Final.jar:6.1.5.Final]
	at org.hibernate.query.sqm.internal.ConcreteSqmSelectQueryPlan.performList(ConcreteSqmSelectQueryPlan.java:246) ~[hibernate-core-6.1.5.Final.jar:6.1.5.Final]
	at org.hibernate.query.sqm.internal.QuerySqmImpl.doList(QuerySqmImpl.java:546) ~[hibernate-core-6.1.5.Final.jar:6.1.5.Final]
	at org.hibernate.query.spi.AbstractSelectionQuery.list(AbstractSelectionQuery.java:363) ~[hibernate-core-6.1.5.Final.jar:6.1.5.Final]
	at org.hibernate.query.sqm.internal.QuerySqmImpl.list(QuerySqmImpl.java:1032) ~[hibernate-core-6.1.5.Final.jar:6.1.5.Final]
	at org.hibernate.query.Query.getResultList(Query.java:94) ~[hibernate-core-6.1.5.Final.jar:6.1.5.Final]
	at org.springframework.data.jpa.repository.support.SimpleJpaRepository.findAll(SimpleJpaRepository.java:405) ~[spring-data-jpa-3.0.0.jar:3.0.0]
	at org.springframework.data.jpa.repository.support.SimpleJpaRepository.findAll(SimpleJpaRepository.java:90) ~[spring-data-jpa-3.0.0.jar:3.0.0]
	at java.base/jdk.internal.reflect.NativeMethodAccessorImpl.invoke0(Native Method) ~[na:na]
	at java.base/jdk.internal.reflect.NativeMethodAccessorImpl.invoke(NativeMethodAccessorImpl.java:77) ~[na:na]
	at java.base/jdk.internal.reflect.DelegatingMethodAccessorImpl.invoke(DelegatingMethodAccessorImpl.java:43) ~[na:na]
	at java.base/java.lang.reflect.Method.invoke(Method.java:568) ~[na:na]
	at org.springframework.data.repository.core.support.RepositoryMethodInvoker$RepositoryFragmentMethodInvoker.lambda$new$0(RepositoryMethodInvoker.java:288) ~[spring-data-commons-3.0.0.jar:3.0.0]
	at org.springframework.data.repository.core.support.RepositoryMethodInvoker.doInvoke(RepositoryMethodInvoker.java:136) ~[spring-data-commons-3.0.0.jar:3.0.0]
	at org.springframework.data.repository.core.support.RepositoryMethodInvoker.invoke(RepositoryMethodInvoker.java:120) ~[spring-data-commons-3.0.0.jar:3.0.0]
	at org.springframework.data.repository.core.support.RepositoryComposition$RepositoryFragments.invoke(RepositoryComposition.java:516) ~[spring-data-commons-3.0.0.jar:3.0.0]
	at org.springframework.data.repository.core.support.RepositoryComposition.invoke(RepositoryComposition.java:285) ~[spring-data-commons-3.0.0.jar:3.0.0]
	at org.springframework.data.repository.core.support.RepositoryFactorySupport$ImplementationMethodExecutionInterceptor.invoke(RepositoryFactorySupport.java:628) ~[spring-data-commons-3.0.0.jar:3.0.0]
	at org.springframework.aop.framework.ReflectiveMethodInvocation.proceed(ReflectiveMethodInvocation.java:184) ~[spring-aop-6.0.2.jar:6.0.2]
	at org.springframework.data.repository.core.support.QueryExecutorMethodInterceptor.doInvoke(QueryExecutorMethodInterceptor.java:168) ~[spring-data-commons-3.0.0.jar:3.0.0]
	at org.springframework.data.repository.core.support.QueryExecutorMethodInterceptor.invoke(QueryExecutorMethodInterceptor.java:143) ~[spring-data-commons-3.0.0.jar:3.0.0]
	at org.springframework.aop.framework.ReflectiveMethodInvocation.proceed(ReflectiveMethodInvocation.java:184) ~[spring-aop-6.0.2.jar:6.0.2]
	at org.springframework.data.projection.DefaultMethodInvokingMethodInterceptor.invoke(DefaultMethodInvokingMethodInterceptor.java:77) ~[spring-data-commons-3.0.0.jar:3.0.0]
	at org.springframework.aop.framework.ReflectiveMethodInvocation.proceed(ReflectiveMethodInvocation.java:184) ~[spring-aop-6.0.2.jar:6.0.2]
	at org.springframework.transaction.interceptor.TransactionInterceptor$1.proceedWithInvocation(TransactionInterceptor.java:123) ~[spring-tx-6.0.2.jar:6.0.2]
	at org.springframework.transaction.interceptor.TransactionAspectSupport.invokeWithinTransaction(TransactionAspectSupport.java:388) ~[spring-tx-6.0.2.jar:6.0.2]
	at org.springframework.transaction.interceptor.TransactionInterceptor.invoke(TransactionInterceptor.java:119) ~[spring-tx-6.0.2.jar:6.0.2]
	at org.springframework.aop.framework.ReflectiveMethodInvocation.proceed(ReflectiveMethodInvocation.java:184) ~[spring-aop-6.0.2.jar:6.0.2]
	at org.springframework.dao.support.PersistenceExceptionTranslationInterceptor.invoke(PersistenceExceptionTranslationInterceptor.java:137) ~[spring-tx-6.0.2.jar:6.0.2]
	... 110 common frames omitted
Caused by: java.sql.SQLSyntaxErrorException: Unknown column 'o1_0.updated_at' in 'field list'
	at com.mysql.cj.jdbc.exceptions.SQLError.createSQLException(SQLError.java:120) ~[mysql-connector-j-8.0.31.jar:8.0.31]
	at com.mysql.cj.jdbc.exceptions.SQLExceptionsMapping.translateException(SQLExceptionsMapping.java:122) ~[mysql-connector-j-8.0.31.jar:8.0.31]
	at com.mysql.cj.jdbc.ClientPreparedStatement.executeInternal(ClientPreparedStatement.java:916) ~[mysql-connector-j-8.0.31.jar:8.0.31]
	at com.mysql.cj.jdbc.ClientPreparedStatement.executeQuery(ClientPreparedStatement.java:972) ~[mysql-connector-j-8.0.31.jar:8.0.31]
	at com.zaxxer.hikari.pool.ProxyPreparedStatement.executeQuery(ProxyPreparedStatement.java:52) ~[HikariCP-5.0.1.jar:na]
	at com.zaxxer.hikari.pool.HikariProxyPreparedStatement.executeQuery(HikariProxyPreparedStatement.java) ~[HikariCP-5.0.1.jar:na]
	at org.hibernate.sql.results.jdbc.internal.DeferredResultSetAccess.executeQuery(DeferredResultSetAccess.java:217) ~[hibernate-core-6.1.5.Final.jar:6.1.5.Final]
	... 152 common frames omitted

2025-11-29T20:15:06.402+09:00  WARN 8096 --- [http-nio-8080-exec-7] o.h.engine.jdbc.spi.SqlExceptionHelper   : SQL Error: 1054, SQLState: 42S22
2025-11-29T20:15:06.406+09:00 ERROR 8096 --- [http-nio-8080-exec-7] o.h.engine.jdbc.spi.SqlExceptionHelper   : Unknown column 'r1_0.updated_at' in 'field list'
2025-11-29T20:15:06.408+09:00 ERROR 8096 --- [http-nio-8080-exec-7] c.e.s.g.e.GlobalExceptionHandler         : Unexpected error occurred: 

org.springframework.dao.InvalidDataAccessResourceUsageException: JDBC exception executing SQL [select r1_0.review_id,r1_0.content,r1_0.created_at,r1_0.member_id,r1_0.product_id,r1_0.rating,r1_0.updated_at from review r1_0 where r1_0.product_id=?]; SQL [n/a]
	at org.springframework.orm.jpa.vendor.HibernateJpaDialect.convertHibernateAccessException(HibernateJpaDialect.java:257) ~[spring-orm-6.0.2.jar:6.0.2]
	at org.springframework.orm.jpa.vendor.HibernateJpaDialect.translateExceptionIfPossible(HibernateJpaDialect.java:233) ~[spring-orm-6.0.2.jar:6.0.2]
	at org.springframework.orm.jpa.AbstractEntityManagerFactoryBean.translateExceptionIfPossible(AbstractEntityManagerFactoryBean.java:550) ~[spring-orm-6.0.2.jar:6.0.2]
	at org.springframework.dao.support.ChainedPersistenceExceptionTranslator.translateExceptionIfPossible(ChainedPersistenceExceptionTranslator.java:61) ~[spring-tx-6.0.2.jar:6.0.2]
	at org.springframework.dao.support.DataAccessUtils.translateIfNecessary(DataAccessUtils.java:242) ~[spring-tx-6.0.2.jar:6.0.2]
	at org.springframework.dao.support.PersistenceExceptionTranslationInterceptor.invoke(PersistenceExceptionTranslationInterceptor.java:152) ~[spring-tx-6.0.2.jar:6.0.2]
	at org.springframework.aop.framework.ReflectiveMethodInvocation.proceed(ReflectiveMethodInvocation.java:184) ~[spring-aop-6.0.2.jar:6.0.2]
	at org.springframework.data.jpa.repository.support.CrudMethodMetadataPostProcessor$CrudMethodMetadataPopulatingMethodInterceptor.invoke(CrudMethodMetadataPostProcessor.java:134) ~[spring-data-jpa-3.0.0.jar:3.0.0]
	at org.springframework.aop.framework.ReflectiveMethodInvocation.proceed(ReflectiveMethodInvocation.java:184) ~[spring-aop-6.0.2.jar:6.0.2]
	at org.springframework.aop.interceptor.ExposeInvocationInterceptor.invoke(ExposeInvocationInterceptor.java:97) ~[spring-aop-6.0.2.jar:6.0.2]
	at org.springframework.aop.framework.ReflectiveMethodInvocation.proceed(ReflectiveMethodInvocation.java:184) ~[spring-aop-6.0.2.jar:6.0.2]
	at org.springframework.aop.framework.JdkDynamicAopProxy.invoke(JdkDynamicAopProxy.java:218) ~[spring-aop-6.0.2.jar:6.0.2]
	at jdk.proxy2/jdk.proxy2.$Proxy155.findByProduct_ProductId(Unknown Source) ~[na:na]
	at com.example.shop.domain.review.service.impl.ReviewServiceImpl.getReviewsByProductId(ReviewServiceImpl.java:35) ~[classes/:na]
	at com.example.shop.domain.review.controller.ReviewController.getReviewsByProductId(ReviewController.java:28) ~[classes/:na]
	at java.base/jdk.internal.reflect.NativeMethodAccessorImpl.invoke0(Native Method) ~[na:na]
	at java.base/jdk.internal.reflect.NativeMethodAccessorImpl.invoke(NativeMethodAccessorImpl.java:77) ~[na:na]
	at java.base/jdk.internal.reflect.DelegatingMethodAccessorImpl.invoke(DelegatingMethodAccessorImpl.java:43) ~[na:na]
	at java.base/java.lang.reflect.Method.invoke(Method.java:568) ~[na:na]
	at org.springframework.web.method.support.InvocableHandlerMethod.doInvoke(InvocableHandlerMethod.java:207) ~[spring-web-6.0.2.jar:6.0.2]
	at org.springframework.web.method.support.InvocableHandlerMethod.invokeForRequest(InvocableHandlerMethod.java:152) ~[spring-web-6.0.2.jar:6.0.2]
	at org.springframework.web.servlet.mvc.method.annotation.ServletInvocableHandlerMethod.invokeAndHandle(ServletInvocableHandlerMethod.java:117) ~[spring-webmvc-6.0.2.jar:6.0.2]
	at org.springframework.web.servlet.mvc.method.annotation.RequestMappingHandlerAdapter.invokeHandlerMethod(RequestMappingHandlerAdapter.java:884) ~[spring-webmvc-6.0.2.jar:6.0.2]
	at org.springframework.web.servlet.mvc.method.annotation.RequestMappingHandlerAdapter.handleInternal(RequestMappingHandlerAdapter.java:797) ~[spring-webmvc-6.0.2.jar:6.0.2]
	at org.springframework.web.servlet.mvc.method.AbstractHandlerMethodAdapter.handle(AbstractHandlerMethodAdapter.java:87) ~[spring-webmvc-6.0.2.jar:6.0.2]
	at org.springframework.web.servlet.DispatcherServlet.doDispatch(DispatcherServlet.java:1080) ~[spring-webmvc-6.0.2.jar:6.0.2]
	at org.springframework.web.servlet.DispatcherServlet.doService(DispatcherServlet.java:973) ~[spring-webmvc-6.0.2.jar:6.0.2]
	at org.springframework.web.servlet.FrameworkServlet.processRequest(FrameworkServlet.java:1003) ~[spring-webmvc-6.0.2.jar:6.0.2]
	at org.springframework.web.servlet.FrameworkServlet.doGet(FrameworkServlet.java:895) ~[spring-webmvc-6.0.2.jar:6.0.2]
	at jakarta.servlet.http.HttpServlet.service(HttpServlet.java:705) ~[tomcat-embed-core-10.1.1.jar:6.0]
	at org.springframework.web.servlet.FrameworkServlet.service(FrameworkServlet.java:880) ~[spring-webmvc-6.0.2.jar:6.0.2]
	at jakarta.servlet.http.HttpServlet.service(HttpServlet.java:814) ~[tomcat-embed-core-10.1.1.jar:6.0]
	at org.apache.catalina.core.ApplicationFilterChain.internalDoFilter(ApplicationFilterChain.java:223) ~[tomcat-embed-core-10.1.1.jar:10.1.1]
	at org.apache.catalina.core.ApplicationFilterChain.doFilter(ApplicationFilterChain.java:158) ~[tomcat-embed-core-10.1.1.jar:10.1.1]
	at org.apache.tomcat.websocket.server.WsFilter.doFilter(WsFilter.java:53) ~[tomcat-embed-websocket-10.1.1.jar:10.1.1]
	at org.apache.catalina.core.ApplicationFilterChain.internalDoFilter(ApplicationFilterChain.java:185) ~[tomcat-embed-core-10.1.1.jar:10.1.1]
	at org.apache.catalina.core.ApplicationFilterChain.doFilter(ApplicationFilterChain.java:158) ~[tomcat-embed-core-10.1.1.jar:10.1.1]
	at org.springframework.web.filter.OncePerRequestFilter.doFilter(OncePerRequestFilter.java:110) ~[spring-web-6.0.2.jar:6.0.2]
	at org.apache.catalina.core.ApplicationFilterChain.internalDoFilter(ApplicationFilterChain.java:185) ~[tomcat-embed-core-10.1.1.jar:10.1.1]
	at org.apache.catalina.core.ApplicationFilterChain.doFilter(ApplicationFilterChain.java:158) ~[tomcat-embed-core-10.1.1.jar:10.1.1]
	at org.springframework.security.web.FilterChainProxy.lambda$doFilterInternal$3(FilterChainProxy.java:231) ~[spring-security-web-6.0.0.jar:6.0.0]
	at org.springframework.security.web.FilterChainProxy$VirtualFilterChain.doFilter(FilterChainProxy.java:365) ~[spring-security-web-6.0.0.jar:6.0.0]
	at org.springframework.security.web.access.intercept.AuthorizationFilter.doFilter(AuthorizationFilter.java:100) ~[spring-security-web-6.0.0.jar:6.0.0]
	at org.springframework.security.web.FilterChainProxy$VirtualFilterChain.doFilter(FilterChainProxy.java:374) ~[spring-security-web-6.0.0.jar:6.0.0]
	at org.springframework.security.web.access.ExceptionTranslationFilter.doFilter(ExceptionTranslationFilter.java:126) ~[spring-security-web-6.0.0.jar:6.0.0]
	at org.springframework.security.web.access.ExceptionTranslationFilter.doFilter(ExceptionTranslationFilter.java:120) ~[spring-security-web-6.0.0.jar:6.0.0]
	at org.springframework.security.web.FilterChainProxy$VirtualFilterChain.doFilter(FilterChainProxy.java:374) ~[spring-security-web-6.0.0.jar:6.0.0]
	at org.springframework.security.web.session.SessionManagementFilter.doFilter(SessionManagementFilter.java:131) ~[spring-security-web-6.0.0.jar:6.0.0]
	at org.springframework.security.web.session.SessionManagementFilter.doFilter(SessionManagementFilter.java:85) ~[spring-security-web-6.0.0.jar:6.0.0]
	at org.springframework.security.web.FilterChainProxy$VirtualFilterChain.doFilter(FilterChainProxy.java:374) ~[spring-security-web-6.0.0.jar:6.0.0]
	at org.springframework.security.web.authentication.AnonymousAuthenticationFilter.doFilter(AnonymousAuthenticationFilter.java:100) ~[spring-security-web-6.0.0.jar:6.0.0]
	at org.springframework.security.web.FilterChainProxy$VirtualFilterChain.doFilter(FilterChainProxy.java:374) ~[spring-security-web-6.0.0.jar:6.0.0]
	at org.springframework.security.web.servletapi.SecurityContextHolderAwareRequestFilter.doFilter(SecurityContextHolderAwareRequestFilter.java:179) ~[spring-security-web-6.0.0.jar:6.0.0]
	at org.springframework.security.web.FilterChainProxy$VirtualFilterChain.doFilter(FilterChainProxy.java:374) ~[spring-security-web-6.0.0.jar:6.0.0]
	at org.springframework.security.web.savedrequest.RequestCacheAwareFilter.doFilter(RequestCacheAwareFilter.java:63) ~[spring-security-web-6.0.0.jar:6.0.0]
	at org.springframework.security.web.FilterChainProxy$VirtualFilterChain.doFilter(FilterChainProxy.java:374) ~[spring-security-web-6.0.0.jar:6.0.0]
	at com.example.shop.config.JwtAuthenticationFilter.doFilterInternal(JwtAuthenticationFilter.java:36) ~[classes/:na]
	at org.springframework.web.filter.OncePerRequestFilter.doFilter(OncePerRequestFilter.java:116) ~[spring-web-6.0.2.jar:6.0.2]
	at org.springframework.security.web.FilterChainProxy$VirtualFilterChain.doFilter(FilterChainProxy.java:374) ~[spring-security-web-6.0.0.jar:6.0.0]
	at org.springframework.security.web.authentication.logout.LogoutFilter.doFilter(LogoutFilter.java:107) ~[spring-security-web-6.0.0.jar:6.0.0]
	at org.springframework.security.web.authentication.logout.LogoutFilter.doFilter(LogoutFilter.java:93) ~[spring-security-web-6.0.0.jar:6.0.0]
	at org.springframework.security.web.FilterChainProxy$VirtualFilterChain.doFilter(FilterChainProxy.java:374) ~[spring-security-web-6.0.0.jar:6.0.0]
	at org.springframework.security.web.header.HeaderWriterFilter.doHeadersAfter(HeaderWriterFilter.java:90) ~[spring-security-web-6.0.0.jar:6.0.0]
	at org.springframework.security.web.header.HeaderWriterFilter.doFilterInternal(HeaderWriterFilter.java:75) ~[spring-security-web-6.0.0.jar:6.0.0]
	at org.springframework.web.filter.OncePerRequestFilter.doFilter(OncePerRequestFilter.java:116) ~[spring-web-6.0.2.jar:6.0.2]
	at org.springframework.security.web.FilterChainProxy$VirtualFilterChain.doFilter(FilterChainProxy.java:374) ~[spring-security-web-6.0.0.jar:6.0.0]
	at org.springframework.security.web.context.SecurityContextHolderFilter.doFilterInternal(SecurityContextHolderFilter.java:69) ~[spring-security-web-6.0.0.jar:6.0.0]
	at org.springframework.web.filter.OncePerRequestFilter.doFilter(OncePerRequestFilter.java:116) ~[spring-web-6.0.2.jar:6.0.2]
	at org.springframework.security.web.FilterChainProxy$VirtualFilterChain.doFilter(FilterChainProxy.java:374) ~[spring-security-web-6.0.0.jar:6.0.0]
	at org.springframework.security.web.context.request.async.WebAsyncManagerIntegrationFilter.doFilterInternal(WebAsyncManagerIntegrationFilter.java:62) ~[spring-security-web-6.0.0.jar:6.0.0]
	at org.springframework.web.filter.OncePerRequestFilter.doFilter(OncePerRequestFilter.java:116) ~[spring-web-6.0.2.jar:6.0.2]
	at org.springframework.security.web.FilterChainProxy$VirtualFilterChain.doFilter(FilterChainProxy.java:374) ~[spring-security-web-6.0.0.jar:6.0.0]
	at org.springframework.security.web.session.DisableEncodeUrlFilter.doFilterInternal(DisableEncodeUrlFilter.java:42) ~[spring-security-web-6.0.0.jar:6.0.0]
	at org.springframework.web.filter.OncePerRequestFilter.doFilter(OncePerRequestFilter.java:116) ~[spring-web-6.0.2.jar:6.0.2]
	at org.springframework.security.web.FilterChainProxy$VirtualFilterChain.doFilter(FilterChainProxy.java:374) ~[spring-security-web-6.0.0.jar:6.0.0]
	at org.springframework.security.web.FilterChainProxy.doFilterInternal(FilterChainProxy.java:233) ~[spring-security-web-6.0.0.jar:6.0.0]
	at org.springframework.security.web.FilterChainProxy.doFilter(FilterChainProxy.java:191) ~[spring-security-web-6.0.0.jar:6.0.0]
	at org.springframework.web.filter.DelegatingFilterProxy.invokeDelegate(DelegatingFilterProxy.java:351) ~[spring-web-6.0.2.jar:6.0.2]
	at org.springframework.web.filter.DelegatingFilterProxy.doFilter(DelegatingFilterProxy.java:267) ~[spring-web-6.0.2.jar:6.0.2]
	at org.apache.catalina.core.ApplicationFilterChain.internalDoFilter(ApplicationFilterChain.java:185) ~[tomcat-embed-core-10.1.1.jar:10.1.1]
	at org.apache.catalina.core.ApplicationFilterChain.doFilter(ApplicationFilterChain.java:158) ~[tomcat-embed-core-10.1.1.jar:10.1.1]
	at org.springframework.web.filter.RequestContextFilter.doFilterInternal(RequestContextFilter.java:100) ~[spring-web-6.0.2.jar:6.0.2]
	at org.springframework.web.filter.OncePerRequestFilter.doFilter(OncePerRequestFilter.java:116) ~[spring-web-6.0.2.jar:6.0.2]
	at org.apache.catalina.core.ApplicationFilterChain.internalDoFilter(ApplicationFilterChain.java:185) ~[tomcat-embed-core-10.1.1.jar:10.1.1]
	at org.apache.catalina.core.ApplicationFilterChain.doFilter(ApplicationFilterChain.java:158) ~[tomcat-embed-core-10.1.1.jar:10.1.1]
	at org.springframework.web.filter.FormContentFilter.doFilterInternal(FormContentFilter.java:93) ~[spring-web-6.0.2.jar:6.0.2]
	at org.springframework.web.filter.OncePerRequestFilter.doFilter(OncePerRequestFilter.java:116) ~[spring-web-6.0.2.jar:6.0.2]
	at org.apache.catalina.core.ApplicationFilterChain.internalDoFilter(ApplicationFilterChain.java:185) ~[tomcat-embed-core-10.1.1.jar:10.1.1]
	at org.apache.catalina.core.ApplicationFilterChain.doFilter(ApplicationFilterChain.java:158) ~[tomcat-embed-core-10.1.1.jar:10.1.1]
	at org.springframework.web.filter.CharacterEncodingFilter.doFilterInternal(CharacterEncodingFilter.java:201) ~[spring-web-6.0.2.jar:6.0.2]
	at org.springframework.web.filter.OncePerRequestFilter.doFilter(OncePerRequestFilter.java:116) ~[spring-web-6.0.2.jar:6.0.2]
	at org.apache.catalina.core.ApplicationFilterChain.internalDoFilter(ApplicationFilterChain.java:185) ~[tomcat-embed-core-10.1.1.jar:10.1.1]
	at org.apache.catalina.core.ApplicationFilterChain.doFilter(ApplicationFilterChain.java:158) ~[tomcat-embed-core-10.1.1.jar:10.1.1]
	at org.apache.catalina.core.StandardWrapperValve.invoke(StandardWrapperValve.java:197) ~[tomcat-embed-core-10.1.1.jar:10.1.1]
	at org.apache.catalina.core.StandardContextValve.invoke(StandardContextValve.java:97) ~[tomcat-embed-core-10.1.1.jar:10.1.1]
	at org.apache.catalina.authenticator.AuthenticatorBase.invoke(AuthenticatorBase.java:542) ~[tomcat-embed-core-10.1.1.jar:10.1.1]
	at org.apache.catalina.core.StandardHostValve.invoke(StandardHostValve.java:119) ~[tomcat-embed-core-10.1.1.jar:10.1.1]
	at org.apache.catalina.valves.ErrorReportValve.invoke(ErrorReportValve.java:92) ~[tomcat-embed-core-10.1.1.jar:10.1.1]
	at org.apache.catalina.core.StandardEngineValve.invoke(StandardEngineValve.java:78) ~[tomcat-embed-core-10.1.1.jar:10.1.1]
	at org.apache.catalina.connector.CoyoteAdapter.service(CoyoteAdapter.java:357) ~[tomcat-embed-core-10.1.1.jar:10.1.1]
	at org.apache.coyote.http11.Http11Processor.service(Http11Processor.java:400) ~[tomcat-embed-core-10.1.1.jar:10.1.1]
	at org.apache.coyote.AbstractProcessorLight.process(AbstractProcessorLight.java:65) ~[tomcat-embed-core-10.1.1.jar:10.1.1]
	at org.apache.coyote.AbstractProtocol$ConnectionHandler.process(AbstractProtocol.java:861) ~[tomcat-embed-core-10.1.1.jar:10.1.1]
	at org.apache.tomcat.util.net.NioEndpoint$SocketProcessor.doRun(NioEndpoint.java:1739) ~[tomcat-embed-core-10.1.1.jar:10.1.1]
	at org.apache.tomcat.util.net.SocketProcessorBase.run(SocketProcessorBase.java:52) ~[tomcat-embed-core-10.1.1.jar:10.1.1]
	at org.apache.tomcat.util.threads.ThreadPoolExecutor.runWorker(ThreadPoolExecutor.java:1191) ~[tomcat-embed-core-10.1.1.jar:10.1.1]
	at org.apache.tomcat.util.threads.ThreadPoolExecutor$Worker.run(ThreadPoolExecutor.java:659) ~[tomcat-embed-core-10.1.1.jar:10.1.1]
	at org.apache.tomcat.util.threads.TaskThread$WrappingRunnable.run(TaskThread.java:61) ~[tomcat-embed-core-10.1.1.jar:10.1.1]
	at java.base/java.lang.Thread.run(Thread.java:833) ~[na:na]
Caused by: org.hibernate.exception.SQLGrammarException: JDBC exception executing SQL [select r1_0.review_id,r1_0.content,r1_0.created_at,r1_0.member_id,r1_0.product_id,r1_0.rating,r1_0.updated_at from review r1_0 where r1_0.product_id=?]
	at org.hibernate.exception.internal.SQLExceptionTypeDelegate.convert(SQLExceptionTypeDelegate.java:64) ~[hibernate-core-6.1.5.Final.jar:6.1.5.Final]
	at org.hibernate.exception.internal.StandardSQLExceptionConverter.convert(StandardSQLExceptionConverter.java:56) ~[hibernate-core-6.1.5.Final.jar:6.1.5.Final]
	at org.hibernate.engine.jdbc.spi.SqlExceptionHelper.convert(SqlExceptionHelper.java:109) ~[hibernate-core-6.1.5.Final.jar:6.1.5.Final]
	at org.hibernate.engine.jdbc.spi.SqlExceptionHelper.convert(SqlExceptionHelper.java:95) ~[hibernate-core-6.1.5.Final.jar:6.1.5.Final]
	at org.hibernate.sql.results.jdbc.internal.DeferredResultSetAccess.executeQuery(DeferredResultSetAccess.java:253) ~[hibernate-core-6.1.5.Final.jar:6.1.5.Final]
	at org.hibernate.sql.results.jdbc.internal.DeferredResultSetAccess.getResultSet(DeferredResultSetAccess.java:146) ~[hibernate-core-6.1.5.Final.jar:6.1.5.Final]
	at org.hibernate.sql.results.jdbc.internal.JdbcValuesResultSetImpl.lambda$processNext$0(JdbcValuesResultSetImpl.java:89) ~[hibernate-core-6.1.5.Final.jar:6.1.5.Final]
	at org.hibernate.sql.results.jdbc.internal.JdbcValuesResultSetImpl.advance(JdbcValuesResultSetImpl.java:274) ~[hibernate-core-6.1.5.Final.jar:6.1.5.Final]
	at org.hibernate.sql.results.jdbc.internal.JdbcValuesResultSetImpl.processNext(JdbcValuesResultSetImpl.java:85) ~[hibernate-core-6.1.5.Final.jar:6.1.5.Final]
	at org.hibernate.sql.results.jdbc.internal.AbstractJdbcValues.next(AbstractJdbcValues.java:29) ~[hibernate-core-6.1.5.Final.jar:6.1.5.Final]
	at org.hibernate.sql.results.internal.RowProcessingStateStandardImpl.next(RowProcessingStateStandardImpl.java:89) ~[hibernate-core-6.1.5.Final.jar:6.1.5.Final]
	at org.hibernate.sql.results.spi.ListResultsConsumer.consume(ListResultsConsumer.java:142) ~[hibernate-core-6.1.5.Final.jar:6.1.5.Final]
	at org.hibernate.sql.results.spi.ListResultsConsumer.consume(ListResultsConsumer.java:32) ~[hibernate-core-6.1.5.Final.jar:6.1.5.Final]
	at org.hibernate.sql.exec.internal.JdbcSelectExecutorStandardImpl.doExecuteQuery(JdbcSelectExecutorStandardImpl.java:443) ~[hibernate-core-6.1.5.Final.jar:6.1.5.Final]
	at org.hibernate.sql.exec.internal.JdbcSelectExecutorStandardImpl.executeQuery(JdbcSelectExecutorStandardImpl.java:166) ~[hibernate-core-6.1.5.Final.jar:6.1.5.Final]
	at org.hibernate.sql.exec.internal.JdbcSelectExecutorStandardImpl.list(JdbcSelectExecutorStandardImpl.java:91) ~[hibernate-core-6.1.5.Final.jar:6.1.5.Final]
	at org.hibernate.sql.exec.spi.JdbcSelectExecutor.list(JdbcSelectExecutor.java:31) ~[hibernate-core-6.1.5.Final.jar:6.1.5.Final]
	at org.hibernate.query.sqm.internal.ConcreteSqmSelectQueryPlan.lambda$new$0(ConcreteSqmSelectQueryPlan.java:102) ~[hibernate-core-6.1.5.Final.jar:6.1.5.Final]
	at org.hibernate.query.sqm.internal.ConcreteSqmSelectQueryPlan.withCacheableSqmInterpretation(ConcreteSqmSelectQueryPlan.java:305) ~[hibernate-core-6.1.5.Final.jar:6.1.5.Final]
	at org.hibernate.query.sqm.internal.ConcreteSqmSelectQueryPlan.performList(ConcreteSqmSelectQueryPlan.java:246) ~[hibernate-core-6.1.5.Final.jar:6.1.5.Final]
	at org.hibernate.query.sqm.internal.QuerySqmImpl.doList(QuerySqmImpl.java:546) ~[hibernate-core-6.1.5.Final.jar:6.1.5.Final]
	at org.hibernate.query.spi.AbstractSelectionQuery.list(AbstractSelectionQuery.java:363) ~[hibernate-core-6.1.5.Final.jar:6.1.5.Final]
	at org.hibernate.query.sqm.internal.QuerySqmImpl.list(QuerySqmImpl.java:1032) ~[hibernate-core-6.1.5.Final.jar:6.1.5.Final]
	at org.hibernate.query.Query.getResultList(Query.java:94) ~[hibernate-core-6.1.5.Final.jar:6.1.5.Final]
	at org.springframework.data.jpa.repository.query.JpaQueryExecution$CollectionExecution.doExecute(JpaQueryExecution.java:127) ~[spring-data-jpa-3.0.0.jar:3.0.0]
	at org.springframework.data.jpa.repository.query.JpaQueryExecution.execute(JpaQueryExecution.java:90) ~[spring-data-jpa-3.0.0.jar:3.0.0]
	at org.springframework.data.jpa.repository.query.AbstractJpaQuery.doExecute(AbstractJpaQuery.java:148) ~[spring-data-jpa-3.0.0.jar:3.0.0]
	at org.springframework.data.jpa.repository.query.AbstractJpaQuery.execute(AbstractJpaQuery.java:136) ~[spring-data-jpa-3.0.0.jar:3.0.0]
	at org.springframework.data.repository.core.support.RepositoryMethodInvoker.doInvoke(RepositoryMethodInvoker.java:136) ~[spring-data-commons-3.0.0.jar:3.0.0]
	at org.springframework.data.repository.core.support.RepositoryMethodInvoker.invoke(RepositoryMethodInvoker.java:120) ~[spring-data-commons-3.0.0.jar:3.0.0]
	at org.springframework.data.repository.core.support.QueryExecutorMethodInterceptor.doInvoke(QueryExecutorMethodInterceptor.java:164) ~[spring-data-commons-3.0.0.jar:3.0.0]
	at org.springframework.data.repository.core.support.QueryExecutorMethodInterceptor.invoke(QueryExecutorMethodInterceptor.java:143) ~[spring-data-commons-3.0.0.jar:3.0.0]
	at org.springframework.aop.framework.ReflectiveMethodInvocation.proceed(ReflectiveMethodInvocation.java:184) ~[spring-aop-6.0.2.jar:6.0.2]
	at org.springframework.data.projection.DefaultMethodInvokingMethodInterceptor.invoke(DefaultMethodInvokingMethodInterceptor.java:77) ~[spring-data-commons-3.0.0.jar:3.0.0]
	at org.springframework.aop.framework.ReflectiveMethodInvocation.proceed(ReflectiveMethodInvocation.java:184) ~[spring-aop-6.0.2.jar:6.0.2]
	at org.springframework.transaction.interceptor.TransactionInterceptor$1.proceedWithInvocation(TransactionInterceptor.java:123) ~[spring-tx-6.0.2.jar:6.0.2]
	at org.springframework.transaction.interceptor.TransactionAspectSupport.invokeWithinTransaction(TransactionAspectSupport.java:388) ~[spring-tx-6.0.2.jar:6.0.2]
	at org.springframework.transaction.interceptor.TransactionInterceptor.invoke(TransactionInterceptor.java:119) ~[spring-tx-6.0.2.jar:6.0.2]
	at org.springframework.aop.framework.ReflectiveMethodInvocation.proceed(ReflectiveMethodInvocation.java:184) ~[spring-aop-6.0.2.jar:6.0.2]
	at org.springframework.dao.support.PersistenceExceptionTranslationInterceptor.invoke(PersistenceExceptionTranslationInterceptor.java:137) ~[spring-tx-6.0.2.jar:6.0.2]
	... 103 common frames omitted
Caused by: java.sql.SQLSyntaxErrorException: Unknown column 'r1_0.updated_at' in 'field list'
	at com.mysql.cj.jdbc.exceptions.SQLError.createSQLException(SQLError.java:120) ~[mysql-connector-j-8.0.31.jar:8.0.31]
	at com.mysql.cj.jdbc.exceptions.SQLExceptionsMapping.translateException(SQLExceptionsMapping.java:122) ~[mysql-connector-j-8.0.31.jar:8.0.31]
	at com.mysql.cj.jdbc.ClientPreparedStatement.executeInternal(ClientPreparedStatement.java:916) ~[mysql-connector-j-8.0.31.jar:8.0.31]
	at com.mysql.cj.jdbc.ClientPreparedStatement.executeQuery(ClientPreparedStatement.java:972) ~[mysql-connector-j-8.0.31.jar:8.0.31]
	at com.zaxxer.hikari.pool.ProxyPreparedStatement.executeQuery(ProxyPreparedStatement.java:52) ~[HikariCP-5.0.1.jar:na]
	at com.zaxxer.hikari.pool.HikariProxyPreparedStatement.executeQuery(HikariProxyPreparedStatement.java) ~[HikariCP-5.0.1.jar:na]
	at org.hibernate.sql.results.jdbc.internal.DeferredResultSetAccess.executeQuery(DeferredResultSetAccess.java:217) ~[hibernate-core-6.1.5.Final.jar:6.1.5.Final]
	... 138 common frames omitted

2025-11-29T20:15:08.941+09:00 DEBUG 8096 --- [http-nio-8080-exec-8] o.s.security.web.FilterChainProxy        : Securing OPTIONS /api/cart
2025-11-29T20:15:08.954+09:00 DEBUG 8096 --- [http-nio-8080-exec-9] o.s.security.web.FilterChainProxy        : Securing OPTIONS /api/members/me
2025-11-29T20:15:08.954+09:00 DEBUG 8096 --- [http-nio-8080-exec-2] o.s.security.web.FilterChainProxy        : Securing OPTIONS /api/members/me
2025-11-29T20:15:08.955+09:00 DEBUG 8096 --- [http-nio-8080-exec-8] o.s.s.w.a.AnonymousAuthenticationFilter  : Set SecurityContextHolder to anonymous SecurityContext
2025-11-29T20:15:08.955+09:00 DEBUG 8096 --- [http-nio-8080-exec-10] o.s.security.web.FilterChainProxy        : Securing OPTIONS /api/cart
2025-11-29T20:15:08.959+09:00 DEBUG 8096 --- [http-nio-8080-exec-9] o.s.s.w.a.AnonymousAuthenticationFilter  : Set SecurityContextHolder to anonymous SecurityContext
2025-11-29T20:15:08.963+09:00 DEBUG 8096 --- [http-nio-8080-exec-2] o.s.s.w.a.AnonymousAuthenticationFilter  : Set SecurityContextHolder to anonymous SecurityContext
2025-11-29T20:15:08.973+09:00 DEBUG 8096 --- [http-nio-8080-exec-10] o.s.s.w.a.AnonymousAuthenticationFilter  : Set SecurityContextHolder to anonymous SecurityContext
2025-11-29T20:15:09.082+09:00 DEBUG 8096 --- [http-nio-8080-exec-9] o.s.security.web.FilterChainProxy        : Secured OPTIONS /api/members/me
2025-11-29T20:15:09.072+09:00 DEBUG 8096 --- [http-nio-8080-exec-8] o.s.security.web.FilterChainProxy        : Secured OPTIONS /api/cart
2025-11-29T20:15:09.085+09:00 DEBUG 8096 --- [http-nio-8080-exec-10] o.s.security.web.FilterChainProxy        : Secured OPTIONS /api/cart
2025-11-29T20:15:09.082+09:00 DEBUG 8096 --- [http-nio-8080-exec-2] o.s.security.web.FilterChainProxy        : Secured OPTIONS /api/members/me
2025-11-29T20:15:09.135+09:00 DEBUG 8096 --- [http-nio-8080-exec-3] o.s.security.web.FilterChainProxy        : Securing GET /api/cart
2025-11-29T20:15:09.147+09:00 DEBUG 8096 --- [http-nio-8080-exec-4] o.s.security.web.FilterChainProxy        : Securing GET /api/members/me
2025-11-29T20:15:09.174+09:00 DEBUG 8096 --- [http-nio-8080-exec-1] o.s.security.web.FilterChainProxy        : Securing GET /api/members/me
2025-11-29T20:15:09.176+09:00 DEBUG 8096 --- [http-nio-8080-exec-2] o.s.security.web.FilterChainProxy        : Securing GET /api/cart
2025-11-29T20:15:09.592+09:00 DEBUG 8096 --- [http-nio-8080-exec-3] o.s.s.w.a.AnonymousAuthenticationFilter  : Set SecurityContextHolder to anonymous SecurityContext
2025-11-29T20:15:09.592+09:00 DEBUG 8096 --- [http-nio-8080-exec-2] o.s.s.w.a.AnonymousAuthenticationFilter  : Set SecurityContextHolder to anonymous SecurityContext
2025-11-29T20:15:09.594+09:00 DEBUG 8096 --- [http-nio-8080-exec-1] o.s.s.w.a.AnonymousAuthenticationFilter  : Set SecurityContextHolder to anonymous SecurityContext
2025-11-29T20:15:09.600+09:00 DEBUG 8096 --- [http-nio-8080-exec-4] o.s.s.w.a.AnonymousAuthenticationFilter  : Set SecurityContextHolder to anonymous SecurityContext
2025-11-29T20:15:09.625+09:00 DEBUG 8096 --- [http-nio-8080-exec-1] o.s.security.web.FilterChainProxy        : Secured GET /api/members/me
2025-11-29T20:15:09.623+09:00 DEBUG 8096 --- [http-nio-8080-exec-4] o.s.security.web.FilterChainProxy        : Secured GET /api/members/me
2025-11-29T20:15:09.638+09:00 DEBUG 8096 --- [http-nio-8080-exec-2] o.s.security.web.FilterChainProxy        : Secured GET /api/cart
2025-11-29T20:15:09.645+09:00 DEBUG 8096 --- [http-nio-8080-exec-3] o.s.security.web.FilterChainProxy        : Secured GET /api/cart
2025-11-29T20:15:20.089+09:00 DEBUG 8096 --- [http-nio-8080-exec-6] o.s.security.web.FilterChainProxy        : Securing GET /api/products/1
2025-11-29T20:15:20.100+09:00 DEBUG 8096 --- [http-nio-8080-exec-7] o.s.security.web.FilterChainProxy        : Securing GET /api/cart
2025-11-29T20:15:20.108+09:00 DEBUG 8096 --- [http-nio-8080-exec-7] o.s.s.w.a.AnonymousAuthenticationFilter  : Set SecurityContextHolder to anonymous SecurityContext
2025-11-29T20:15:20.100+09:00 DEBUG 8096 --- [http-nio-8080-exec-6] o.s.s.w.a.AnonymousAuthenticationFilter  : Set SecurityContextHolder to anonymous SecurityContext
2025-11-29T20:15:20.148+09:00 DEBUG 8096 --- [http-nio-8080-exec-6] o.s.security.web.FilterChainProxy        : Secured GET /api/products/1
2025-11-29T20:15:20.153+09:00 DEBUG 8096 --- [http-nio-8080-exec-7] o.s.security.web.FilterChainProxy        : Secured GET /api/cart
2025-11-29T20:15:20.241+09:00 DEBUG 8096 --- [http-nio-8080-exec-8] o.s.security.web.FilterChainProxy        : Securing GET /api/keywords/recommended
2025-11-29T20:15:20.244+09:00 DEBUG 8096 --- [http-nio-8080-exec-8] o.s.s.w.a.AnonymousAuthenticationFilter  : Set SecurityContextHolder to anonymous SecurityContext
2025-11-29T20:15:20.257+09:00 DEBUG 8096 --- [http-nio-8080-exec-8] o.s.security.web.FilterChainProxy        : Secured GET /api/keywords/recommended
2025-11-29T20:15:20.754+09:00 DEBUG 8096 --- [http-nio-8080-exec-9] o.s.security.web.FilterChainProxy        : Securing OPTIONS /api/cart
2025-11-29T20:15:20.754+09:00 DEBUG 8096 --- [http-nio-8080-exec-10] o.s.security.web.FilterChainProxy        : Securing OPTIONS /api/members/me
2025-11-29T20:15:20.756+09:00 DEBUG 8096 --- [http-nio-8080-exec-9] o.s.s.w.a.AnonymousAuthenticationFilter  : Set SecurityContextHolder to anonymous SecurityContext
2025-11-29T20:15:20.756+09:00 DEBUG 8096 --- [http-nio-8080-exec-10] o.s.s.w.a.AnonymousAuthenticationFilter  : Set SecurityContextHolder to anonymous SecurityContext
2025-11-29T20:15:20.761+09:00 DEBUG 8096 --- [http-nio-8080-exec-9] o.s.security.web.FilterChainProxy        : Secured OPTIONS /api/cart
2025-11-29T20:15:20.764+09:00 DEBUG 8096 --- [http-nio-8080-exec-10] o.s.security.web.FilterChainProxy        : Secured OPTIONS /api/members/me
2025-11-29T20:15:20.775+09:00 DEBUG 8096 --- [http-nio-8080-exec-2] o.s.security.web.FilterChainProxy        : Securing GET /api/members/me
2025-11-29T20:15:20.789+09:00 DEBUG 8096 --- [http-nio-8080-exec-9] o.s.security.web.FilterChainProxy        : Securing GET /api/cart
2025-11-29T20:15:20.797+09:00 DEBUG 8096 --- [http-nio-8080-exec-2] o.s.s.w.a.AnonymousAuthenticationFilter  : Set SecurityContextHolder to anonymous SecurityContext
2025-11-29T20:15:20.816+09:00 DEBUG 8096 --- [http-nio-8080-exec-9] o.s.s.w.a.AnonymousAuthenticationFilter  : Set SecurityContextHolder to anonymous SecurityContext
2025-11-29T20:15:20.824+09:00 DEBUG 8096 --- [http-nio-8080-exec-2] o.s.security.web.FilterChainProxy        : Secured GET /api/members/me
2025-11-29T20:15:20.826+09:00 DEBUG 8096 --- [http-nio-8080-exec-9] o.s.security.web.FilterChainProxy        : Secured GET /api/cart
2025-11-29T20:15:21.138+09:00 DEBUG 8096 --- [http-nio-8080-exec-4] o.s.security.web.FilterChainProxy        : Securing OPTIONS /api/cart
2025-11-29T20:15:21.138+09:00 DEBUG 8096 --- [http-nio-8080-exec-4] o.s.s.w.a.AnonymousAuthenticationFilter  : Set SecurityContextHolder to anonymous SecurityContext
2025-11-29T20:15:21.140+09:00 DEBUG 8096 --- [http-nio-8080-exec-4] o.s.security.web.FilterChainProxy        : Secured OPTIONS /api/cart
2025-11-29T20:15:21.144+09:00 DEBUG 8096 --- [http-nio-8080-exec-3] o.s.security.web.FilterChainProxy        : Securing OPTIONS /api/members/me
2025-11-29T20:15:21.145+09:00 DEBUG 8096 --- [http-nio-8080-exec-3] o.s.s.w.a.AnonymousAuthenticationFilter  : Set SecurityContextHolder to anonymous SecurityContext
2025-11-29T20:15:21.145+09:00 DEBUG 8096 --- [http-nio-8080-exec-1] o.s.security.web.FilterChainProxy        : Securing GET /api/cart
2025-11-29T20:15:21.152+09:00 DEBUG 8096 --- [http-nio-8080-exec-3] o.s.security.web.FilterChainProxy        : Secured OPTIONS /api/members/me
2025-11-29T20:15:21.154+09:00 DEBUG 8096 --- [http-nio-8080-exec-1] o.s.s.w.a.AnonymousAuthenticationFilter  : Set SecurityContextHolder to anonymous SecurityContext
2025-11-29T20:15:21.157+09:00 DEBUG 8096 --- [http-nio-8080-exec-1] o.s.security.web.FilterChainProxy        : Secured GET /api/cart
2025-11-29T20:15:21.158+09:00 DEBUG 8096 --- [http-nio-8080-exec-5] o.s.security.web.FilterChainProxy        : Securing GET /api/members/me
2025-11-29T20:15:21.163+09:00 DEBUG 8096 --- [http-nio-8080-exec-5] o.s.s.w.a.AnonymousAuthenticationFilter  : Set SecurityContextHolder to anonymous SecurityContext
2025-11-29T20:15:21.167+09:00 DEBUG 8096 --- [http-nio-8080-exec-5] o.s.security.web.FilterChainProxy        : Secured GET /api/members/me
2025-11-29T20:15:38.865+09:00 DEBUG 8096 --- [http-nio-8080-exec-2] o.s.security.web.FilterChainProxy        : Securing GET /api/admin/users
2025-11-29T20:15:38.873+09:00 DEBUG 8096 --- [http-nio-8080-exec-2] o.s.s.w.a.AnonymousAuthenticationFilter  : Set SecurityContextHolder to anonymous SecurityContext
2025-11-29T20:15:38.881+09:00 DEBUG 8096 --- [http-nio-8080-exec-2] o.s.security.web.FilterChainProxy        : Secured GET /api/admin/users
2025-11-29T20:22:02.500+09:00 DEBUG 8096 --- [http-nio-8080-exec-5] o.s.security.web.FilterChainProxy        : Securing GET /api/admin/users
2025-11-29T20:22:02.501+09:00 DEBUG 8096 --- [http-nio-8080-exec-5] o.s.s.w.a.AnonymousAuthenticationFilter  : Set SecurityContextHolder to anonymous SecurityContext
2025-11-29T20:22:02.501+09:00 DEBUG 8096 --- [http-nio-8080-exec-5] o.s.security.web.FilterChainProxy        : Secured GET /api/admin/users
2025-11-29T20:22:19.631+09:00 DEBUG 8096 --- [http-nio-8080-exec-6] o.s.security.web.FilterChainProxy        : Securing POST /api/admin/users
2025-11-29T20:22:19.633+09:00 DEBUG 8096 --- [http-nio-8080-exec-6] o.s.s.w.a.AnonymousAuthenticationFilter  : Set SecurityContextHolder to anonymous SecurityContext
2025-11-29T20:22:19.634+09:00 DEBUG 8096 --- [http-nio-8080-exec-6] o.s.security.web.FilterChainProxy        : Secured POST /api/admin/users
2025-11-29T20:22:19.684+09:00 DEBUG 8096 --- [http-nio-8080-exec-8] o.s.security.web.FilterChainProxy        : Securing GET /api/admin/users
2025-11-29T20:22:19.685+09:00 DEBUG 8096 --- [http-nio-8080-exec-8] o.s.s.w.a.AnonymousAuthenticationFilter  : Set SecurityContextHolder to anonymous SecurityContext
2025-11-29T20:22:19.685+09:00 DEBUG 8096 --- [http-nio-8080-exec-8] o.s.security.web.FilterChainProxy        : Secured GET /api/admin/users
2025-11-29T20:22:26.633+09:00 DEBUG 8096 --- [http-nio-8080-exec-10] o.s.security.web.FilterChainProxy        : Securing OPTIONS /api/cart
2025-11-29T20:22:26.633+09:00 DEBUG 8096 --- [http-nio-8080-exec-10] o.s.s.w.a.AnonymousAuthenticationFilter  : Set SecurityContextHolder to anonymous SecurityContext
2025-11-29T20:22:26.643+09:00 DEBUG 8096 --- [http-nio-8080-exec-7] o.s.security.web.FilterChainProxy        : Securing OPTIONS /api/members/me
2025-11-29T20:22:26.651+09:00 DEBUG 8096 --- [http-nio-8080-exec-7] o.s.s.w.a.AnonymousAuthenticationFilter  : Set SecurityContextHolder to anonymous SecurityContext
2025-11-29T20:22:26.643+09:00 DEBUG 8096 --- [http-nio-8080-exec-9] o.s.security.web.FilterChainProxy        : Securing OPTIONS /api/members/me
2025-11-29T20:22:26.646+09:00 DEBUG 8096 --- [http-nio-8080-exec-10] o.s.security.web.FilterChainProxy        : Secured OPTIONS /api/cart
2025-11-29T20:22:26.641+09:00 DEBUG 8096 --- [http-nio-8080-exec-2] o.s.security.web.FilterChainProxy        : Securing OPTIONS /api/cart
2025-11-29T20:22:26.663+09:00 DEBUG 8096 --- [http-nio-8080-exec-9] o.s.s.w.a.AnonymousAuthenticationFilter  : Set SecurityContextHolder to anonymous SecurityContext
2025-11-29T20:22:26.677+09:00 DEBUG 8096 --- [http-nio-8080-exec-7] o.s.security.web.FilterChainProxy        : Secured OPTIONS /api/members/me
2025-11-29T20:22:26.681+09:00 DEBUG 8096 --- [http-nio-8080-exec-2] o.s.s.w.a.AnonymousAuthenticationFilter  : Set SecurityContextHolder to anonymous SecurityContext
2025-11-29T20:22:26.683+09:00 DEBUG 8096 --- [http-nio-8080-exec-4] o.s.security.web.FilterChainProxy        : Securing GET /api/cart
2025-11-29T20:22:26.695+09:00 DEBUG 8096 --- [http-nio-8080-exec-9] o.s.security.web.FilterChainProxy        : Secured OPTIONS /api/members/me
2025-11-29T20:22:26.695+09:00 DEBUG 8096 --- [http-nio-8080-exec-2] o.s.security.web.FilterChainProxy        : Secured OPTIONS /api/cart
2025-11-29T20:22:26.719+09:00 DEBUG 8096 --- [http-nio-8080-exec-3] o.s.security.web.FilterChainProxy        : Securing GET /api/members/me
2025-11-29T20:22:26.721+09:00 DEBUG 8096 --- [http-nio-8080-exec-1] o.s.security.web.FilterChainProxy        : Securing GET /api/members/me
2025-11-29T20:22:26.722+09:00 DEBUG 8096 --- [http-nio-8080-exec-4] o.s.s.w.a.AnonymousAuthenticationFilter  : Set SecurityContextHolder to anonymous SecurityContext
2025-11-29T20:22:26.748+09:00 DEBUG 8096 --- [http-nio-8080-exec-4] o.s.security.web.FilterChainProxy        : Secured GET /api/cart
2025-11-29T20:22:26.751+09:00 DEBUG 8096 --- [http-nio-8080-exec-3] o.s.s.w.a.AnonymousAuthenticationFilter  : Set SecurityContextHolder to anonymous SecurityContext
2025-11-29T20:22:26.758+09:00 DEBUG 8096 --- [http-nio-8080-exec-5] o.s.security.web.FilterChainProxy        : Securing GET /api/cart
2025-11-29T20:22:26.764+09:00 DEBUG 8096 --- [http-nio-8080-exec-1] o.s.s.w.a.AnonymousAuthenticationFilter  : Set SecurityContextHolder to anonymous SecurityContext
2025-11-29T20:22:26.797+09:00 DEBUG 8096 --- [http-nio-8080-exec-3] o.s.security.web.FilterChainProxy        : Secured GET /api/members/me
2025-11-29T20:22:26.813+09:00 DEBUG 8096 --- [http-nio-8080-exec-5] o.s.s.w.a.AnonymousAuthenticationFilter  : Set SecurityContextHolder to anonymous SecurityContext
2025-11-29T20:22:26.814+09:00 DEBUG 8096 --- [http-nio-8080-exec-1] o.s.security.web.FilterChainProxy        : Secured GET /api/members/me
2025-11-29T20:22:26.834+09:00 DEBUG 8096 --- [http-nio-8080-exec-5] o.s.security.web.FilterChainProxy        : Secured GET /api/cart
2025-11-29T20:22:27.884+09:00 DEBUG 8096 --- [http-nio-8080-exec-6] o.s.security.web.FilterChainProxy        : Securing GET /api/products?page=0&size=20&categoryId=1
2025-11-29T20:22:27.886+09:00 DEBUG 8096 --- [http-nio-8080-exec-8] o.s.security.web.FilterChainProxy        : Securing GET /api/categories
2025-11-29T20:22:27.887+09:00 DEBUG 8096 --- [http-nio-8080-exec-10] o.s.security.web.FilterChainProxy        : Securing GET /api/cart
2025-11-29T20:22:27.891+09:00 DEBUG 8096 --- [http-nio-8080-exec-8] o.s.s.w.a.AnonymousAuthenticationFilter  : Set SecurityContextHolder to anonymous SecurityContext
2025-11-29T20:22:27.891+09:00 DEBUG 8096 --- [http-nio-8080-exec-10] o.s.s.w.a.AnonymousAuthenticationFilter  : Set SecurityContextHolder to anonymous SecurityContext
2025-11-29T20:22:27.890+09:00 DEBUG 8096 --- [http-nio-8080-exec-6] o.s.s.w.a.AnonymousAuthenticationFilter  : Set SecurityContextHolder to anonymous SecurityContext
2025-11-29T20:22:27.893+09:00 DEBUG 8096 --- [http-nio-8080-exec-9] o.s.security.web.FilterChainProxy        : Securing GET /api/keywords/recommended
2025-11-29T20:22:27.895+09:00 DEBUG 8096 --- [http-nio-8080-exec-6] o.s.security.web.FilterChainProxy        : Secured GET /api/products?page=0&size=20&categoryId=1
2025-11-29T20:22:27.896+09:00 DEBUG 8096 --- [http-nio-8080-exec-9] o.s.s.w.a.AnonymousAuthenticationFilter  : Set SecurityContextHolder to anonymous SecurityContext
2025-11-29T20:22:27.898+09:00 DEBUG 8096 --- [http-nio-8080-exec-8] o.s.s.w.a.Http403ForbiddenEntryPoint     : Pre-authenticated entry point called. Rejecting access
2025-11-29T20:22:27.898+09:00 DEBUG 8096 --- [http-nio-8080-exec-10] o.s.security.web.FilterChainProxy        : Secured GET /api/cart
2025-11-29T20:22:27.899+09:00  INFO 8096 --- [http-nio-8080-exec-6] c.e.s.d.p.controller.ProductController   : getProducts called: categoryId=1, minPrice=null, maxPrice=null, keyword=null, pageable=Page request [number: 0, size 20, sort: UNSORTED]
2025-11-29T20:22:27.899+09:00 DEBUG 8096 --- [http-nio-8080-exec-9] o.s.security.web.FilterChainProxy        : Secured GET /api/keywords/recommended
2025-11-29T20:22:27.900+09:00 DEBUG 8096 --- [http-nio-8080-exec-8] o.s.security.web.FilterChainProxy        : Securing GET /error
2025-11-29T20:22:27.910+09:00  INFO 8096 --- [http-nio-8080-exec-6] c.e.s.d.p.s.impl.ProductServiceImpl      : ProductService.getProductList called with: categoryId=1, sort=null, minPrice=null, maxPrice=null, keyword=null, pageable=Page request [number: 0, size 20, sort: UNSORTED]
2025-11-29T20:22:27.962+09:00 DEBUG 8096 --- [http-nio-8080-exec-8] o.s.s.w.a.AnonymousAuthenticationFilter  : Set SecurityContextHolder to anonymous SecurityContext
2025-11-29T20:22:27.966+09:00 DEBUG 8096 --- [http-nio-8080-exec-8] o.s.s.w.a.Http403ForbiddenEntryPoint     : Pre-authenticated entry point called. Rejecting access
2025-11-29T20:22:27.987+09:00  INFO 8096 --- [http-nio-8080-exec-6] c.e.s.d.p.controller.ProductController   : getProducts result count: 2
2025-11-29T20:22:28.123+09:00 DEBUG 8096 --- [http-nio-8080-exec-4] o.s.security.web.FilterChainProxy        : Securing OPTIONS /api/cart
2025-11-29T20:22:28.123+09:00 DEBUG 8096 --- [http-nio-8080-exec-2] o.s.security.web.FilterChainProxy        : Securing OPTIONS /api/members/me
2025-11-29T20:22:28.122+09:00 DEBUG 8096 --- [http-nio-8080-exec-7] o.s.security.web.FilterChainProxy        : Securing OPTIONS /api/cart
2025-11-29T20:22:28.132+09:00 DEBUG 8096 --- [http-nio-8080-exec-2] o.s.s.w.a.AnonymousAuthenticationFilter  : Set SecurityContextHolder to anonymous SecurityContext
2025-11-29T20:22:28.125+09:00 DEBUG 8096 --- [http-nio-8080-exec-3] o.s.security.web.FilterChainProxy        : Securing OPTIONS /api/members/me
2025-11-29T20:22:28.133+09:00 DEBUG 8096 --- [http-nio-8080-exec-7] o.s.s.w.a.AnonymousAuthenticationFilter  : Set SecurityContextHolder to anonymous SecurityContext
2025-11-29T20:22:28.131+09:00 DEBUG 8096 --- [http-nio-8080-exec-4] o.s.s.w.a.AnonymousAuthenticationFilter  : Set SecurityContextHolder to anonymous SecurityContext
2025-11-29T20:22:28.150+09:00 DEBUG 8096 --- [http-nio-8080-exec-2] o.s.security.web.FilterChainProxy        : Secured OPTIONS /api/members/me
2025-11-29T20:22:28.157+09:00 DEBUG 8096 --- [http-nio-8080-exec-3] o.s.s.w.a.AnonymousAuthenticationFilter  : Set SecurityContextHolder to anonymous SecurityContext
2025-11-29T20:22:28.183+09:00 DEBUG 8096 --- [http-nio-8080-exec-2] o.s.security.web.FilterChainProxy        : Securing GET /api/members/me
2025-11-29T20:22:28.183+09:00 DEBUG 8096 --- [http-nio-8080-exec-4] o.s.security.web.FilterChainProxy        : Secured OPTIONS /api/cart
2025-11-29T20:22:28.175+09:00 DEBUG 8096 --- [http-nio-8080-exec-7] o.s.security.web.FilterChainProxy        : Secured OPTIONS /api/cart
2025-11-29T20:22:28.184+09:00 DEBUG 8096 --- [http-nio-8080-exec-3] o.s.security.web.FilterChainProxy        : Secured OPTIONS /api/members/me
2025-11-29T20:22:28.208+09:00 DEBUG 8096 --- [http-nio-8080-exec-5] o.s.security.web.FilterChainProxy        : Securing GET /api/cart
2025-11-29T20:22:28.211+09:00 DEBUG 8096 --- [http-nio-8080-exec-7] o.s.security.web.FilterChainProxy        : Securing GET /api/cart
2025-11-29T20:22:28.215+09:00 DEBUG 8096 --- [http-nio-8080-exec-1] o.s.security.web.FilterChainProxy        : Securing GET /api/members/me
2025-11-29T20:22:28.227+09:00 DEBUG 8096 --- [http-nio-8080-exec-5] o.s.s.w.a.AnonymousAuthenticationFilter  : Set SecurityContextHolder to anonymous SecurityContext
2025-11-29T20:22:28.217+09:00 DEBUG 8096 --- [http-nio-8080-exec-2] o.s.s.w.a.AnonymousAuthenticationFilter  : Set SecurityContextHolder to anonymous SecurityContext
2025-11-29T20:22:28.237+09:00 DEBUG 8096 --- [http-nio-8080-exec-2] o.s.security.web.FilterChainProxy        : Secured GET /api/members/me
2025-11-29T20:22:28.232+09:00 DEBUG 8096 --- [http-nio-8080-exec-1] o.s.s.w.a.AnonymousAuthenticationFilter  : Set SecurityContextHolder to anonymous SecurityContext
2025-11-29T20:22:28.241+09:00 DEBUG 8096 --- [http-nio-8080-exec-5] o.s.security.web.FilterChainProxy        : Secured GET /api/cart
2025-11-29T20:22:28.243+09:00 DEBUG 8096 --- [http-nio-8080-exec-7] o.s.s.w.a.AnonymousAuthenticationFilter  : Set SecurityContextHolder to anonymous SecurityContext
2025-11-29T20:22:28.255+09:00 DEBUG 8096 --- [http-nio-8080-exec-1] o.s.security.web.FilterChainProxy        : Secured GET /api/members/me
2025-11-29T20:22:28.266+09:00 DEBUG 8096 --- [http-nio-8080-exec-7] o.s.security.web.FilterChainProxy        : Secured GET /api/cart
2025-11-29T20:22:29.669+09:00 DEBUG 8096 --- [http-nio-8080-exec-10] o.s.security.web.FilterChainProxy        : Securing OPTIONS /api/cart
2025-11-29T20:22:29.671+09:00 DEBUG 8096 --- [http-nio-8080-exec-8] o.s.security.web.FilterChainProxy        : Securing OPTIONS /api/members/me
2025-11-29T20:22:29.674+09:00 DEBUG 8096 --- [http-nio-8080-exec-6] o.s.security.web.FilterChainProxy        : Securing OPTIONS /api/members/me
2025-11-29T20:22:29.674+09:00 DEBUG 8096 --- [http-nio-8080-exec-9] o.s.security.web.FilterChainProxy        : Securing OPTIONS /api/cart
2025-11-29T20:22:29.679+09:00 DEBUG 8096 --- [http-nio-8080-exec-6] o.s.s.w.a.AnonymousAuthenticationFilter  : Set SecurityContextHolder to anonymous SecurityContext
2025-11-29T20:22:29.679+09:00 DEBUG 8096 --- [http-nio-8080-exec-9] o.s.s.w.a.AnonymousAuthenticationFilter  : Set SecurityContextHolder to anonymous SecurityContext
2025-11-29T20:22:29.679+09:00 DEBUG 8096 --- [http-nio-8080-exec-10] o.s.s.w.a.AnonymousAuthenticationFilter  : Set SecurityContextHolder to anonymous SecurityContext
2025-11-29T20:22:29.680+09:00 DEBUG 8096 --- [http-nio-8080-exec-8] o.s.s.w.a.AnonymousAuthenticationFilter  : Set SecurityContextHolder to anonymous SecurityContext
2025-11-29T20:22:29.682+09:00 DEBUG 8096 --- [http-nio-8080-exec-9] o.s.security.web.FilterChainProxy        : Secured OPTIONS /api/cart
2025-11-29T20:22:29.684+09:00 DEBUG 8096 --- [http-nio-8080-exec-10] o.s.security.web.FilterChainProxy        : Secured OPTIONS /api/cart
2025-11-29T20:22:29.684+09:00 DEBUG 8096 --- [http-nio-8080-exec-8] o.s.security.web.FilterChainProxy        : Secured OPTIONS /api/members/me
2025-11-29T20:22:29.684+09:00 DEBUG 8096 --- [http-nio-8080-exec-6] o.s.security.web.FilterChainProxy        : Secured OPTIONS /api/members/me
2025-11-29T20:22:29.697+09:00 DEBUG 8096 --- [http-nio-8080-exec-4] o.s.security.web.FilterChainProxy        : Securing GET /api/cart
2025-11-29T20:22:29.703+09:00 DEBUG 8096 --- [http-nio-8080-exec-3] o.s.security.web.FilterChainProxy        : Securing GET /api/members/me
2025-11-29T20:22:29.704+09:00 DEBUG 8096 --- [http-nio-8080-exec-2] o.s.security.web.FilterChainProxy        : Securing GET /api/members/me
2025-11-29T20:22:29.724+09:00 DEBUG 8096 --- [http-nio-8080-exec-5] o.s.security.web.FilterChainProxy        : Securing GET /api/cart
2025-11-29T20:22:29.725+09:00 DEBUG 8096 --- [http-nio-8080-exec-4] o.s.s.w.a.AnonymousAuthenticationFilter  : Set SecurityContextHolder to anonymous SecurityContext
2025-11-29T20:22:29.747+09:00 DEBUG 8096 --- [http-nio-8080-exec-2] o.s.s.w.a.AnonymousAuthenticationFilter  : Set SecurityContextHolder to anonymous SecurityContext
2025-11-29T20:22:29.750+09:00 DEBUG 8096 --- [http-nio-8080-exec-3] o.s.s.w.a.AnonymousAuthenticationFilter  : Set SecurityContextHolder to anonymous SecurityContext
2025-11-29T20:22:29.751+09:00 DEBUG 8096 --- [http-nio-8080-exec-4] o.s.security.web.FilterChainProxy        : Secured GET /api/cart
2025-11-29T20:22:29.775+09:00 DEBUG 8096 --- [http-nio-8080-exec-3] o.s.security.web.FilterChainProxy        : Secured GET /api/members/me
2025-11-29T20:22:29.777+09:00 DEBUG 8096 --- [http-nio-8080-exec-5] o.s.s.w.a.AnonymousAuthenticationFilter  : Set SecurityContextHolder to anonymous SecurityContext
2025-11-29T20:22:29.784+09:00 DEBUG 8096 --- [http-nio-8080-exec-2] o.s.security.web.FilterChainProxy        : Secured GET /api/members/me
2025-11-29T20:22:29.799+09:00 DEBUG 8096 --- [http-nio-8080-exec-5] o.s.security.web.FilterChainProxy        : Secured GET /api/cart
2025-11-29T20:22:35.987+09:00 DEBUG 8096 --- [http-nio-8080-exec-1] o.s.security.web.FilterChainProxy        : Securing OPTIONS /api/cart
2025-11-29T20:22:35.988+09:00 DEBUG 8096 --- [http-nio-8080-exec-7] o.s.security.web.FilterChainProxy        : Securing OPTIONS /api/members/me
2025-11-29T20:22:35.989+09:00 DEBUG 8096 --- [http-nio-8080-exec-6] o.s.security.web.FilterChainProxy        : Securing OPTIONS /api/cart
2025-11-29T20:22:35.992+09:00 DEBUG 8096 --- [http-nio-8080-exec-1] o.s.s.w.a.AnonymousAuthenticationFilter  : Set SecurityContextHolder to anonymous SecurityContext
2025-11-29T20:22:35.989+09:00 DEBUG 8096 --- [http-nio-8080-exec-9] o.s.security.web.FilterChainProxy        : Securing OPTIONS /api/members/me
2025-11-29T20:22:35.992+09:00 DEBUG 8096 --- [http-nio-8080-exec-7] o.s.s.w.a.AnonymousAuthenticationFilter  : Set SecurityContextHolder to anonymous SecurityContext
2025-11-29T20:22:35.992+09:00 DEBUG 8096 --- [http-nio-8080-exec-6] o.s.s.w.a.AnonymousAuthenticationFilter  : Set SecurityContextHolder to anonymous SecurityContext
2025-11-29T20:22:35.993+09:00 DEBUG 8096 --- [http-nio-8080-exec-9] o.s.s.w.a.AnonymousAuthenticationFilter  : Set SecurityContextHolder to anonymous SecurityContext
2025-11-29T20:22:35.994+09:00 DEBUG 8096 --- [http-nio-8080-exec-7] o.s.security.web.FilterChainProxy        : Secured OPTIONS /api/members/me
2025-11-29T20:22:35.994+09:00 DEBUG 8096 --- [http-nio-8080-exec-6] o.s.security.web.FilterChainProxy        : Secured OPTIONS /api/cart
2025-11-29T20:22:35.994+09:00 DEBUG 8096 --- [http-nio-8080-exec-1] o.s.security.web.FilterChainProxy        : Secured OPTIONS /api/cart
2025-11-29T20:22:35.998+09:00 DEBUG 8096 --- [http-nio-8080-exec-9] o.s.security.web.FilterChainProxy        : Secured OPTIONS /api/members/me
2025-11-29T20:22:36.004+09:00 DEBUG 8096 --- [http-nio-8080-exec-8] o.s.security.web.FilterChainProxy        : Securing GET /api/members/me
2025-11-29T20:22:36.004+09:00 DEBUG 8096 --- [http-nio-8080-exec-10] o.s.security.web.FilterChainProxy        : Securing GET /api/cart
2025-11-29T20:22:36.005+09:00 DEBUG 8096 --- [http-nio-8080-exec-1] o.s.security.web.FilterChainProxy        : Securing GET /api/cart
2025-11-29T20:22:36.009+09:00 DEBUG 8096 --- [http-nio-8080-exec-4] o.s.security.web.FilterChainProxy        : Securing GET /api/members/me
2025-11-29T20:22:36.031+09:00 DEBUG 8096 --- [http-nio-8080-exec-4] o.s.s.w.a.AnonymousAuthenticationFilter  : Set SecurityContextHolder to anonymous SecurityContext
2025-11-29T20:22:36.034+09:00 DEBUG 8096 --- [http-nio-8080-exec-8] o.s.s.w.a.AnonymousAuthenticationFilter  : Set SecurityContextHolder to anonymous SecurityContext
2025-11-29T20:22:36.049+09:00 DEBUG 8096 --- [http-nio-8080-exec-1] o.s.s.w.a.AnonymousAuthenticationFilter  : Set SecurityContextHolder to anonymous SecurityContext
2025-11-29T20:22:36.044+09:00 DEBUG 8096 --- [http-nio-8080-exec-4] o.s.security.web.FilterChainProxy        : Secured GET /api/members/me
2025-11-29T20:22:36.060+09:00 DEBUG 8096 --- [http-nio-8080-exec-10] o.s.s.w.a.AnonymousAuthenticationFilter  : Set SecurityContextHolder to anonymous SecurityContext
2025-11-29T20:22:36.062+09:00 DEBUG 8096 --- [http-nio-8080-exec-8] o.s.security.web.FilterChainProxy        : Secured GET /api/members/me
2025-11-29T20:22:36.063+09:00 DEBUG 8096 --- [http-nio-8080-exec-1] o.s.security.web.FilterChainProxy        : Secured GET /api/cart
2025-11-29T20:22:36.064+09:00 DEBUG 8096 --- [http-nio-8080-exec-10] o.s.security.web.FilterChainProxy        : Secured GET /api/cart
2025-11-29T20:24:23.978+09:00 DEBUG 8096 --- [http-nio-8080-exec-10] o.s.security.web.FilterChainProxy        : Securing GET /api/admin/users
2025-11-29T20:24:23.979+09:00 DEBUG 8096 --- [http-nio-8080-exec-10] o.s.s.w.a.AnonymousAuthenticationFilter  : Set SecurityContextHolder to anonymous SecurityContext
2025-11-29T20:24:23.980+09:00 DEBUG 8096 --- [http-nio-8080-exec-10] o.s.security.web.FilterChainProxy        : Secured GET /api/admin/users
2025-11-29T20:32:48.145+09:00 DEBUG 8096 --- [http-nio-8080-exec-5] o.s.security.web.FilterChainProxy        : Securing GET /api/admin/products
2025-11-29T20:32:48.146+09:00 DEBUG 8096 --- [http-nio-8080-exec-5] o.s.s.w.a.AnonymousAuthenticationFilter  : Set SecurityContextHolder to anonymous SecurityContext
2025-11-29T20:32:48.146+09:00 DEBUG 8096 --- [http-nio-8080-exec-5] o.s.security.web.FilterChainProxy        : Secured GET /api/admin/products
2025-11-29T20:34:48.104+09:00 DEBUG 8096 --- [http-nio-8080-exec-6] o.s.security.web.FilterChainProxy        : Securing GET /api/admin/products
2025-11-29T20:34:48.107+09:00 DEBUG 8096 --- [http-nio-8080-exec-6] o.s.s.w.a.AnonymousAuthenticationFilter  : Set SecurityContextHolder to anonymous SecurityContext
2025-11-29T20:34:48.110+09:00 DEBUG 8096 --- [http-nio-8080-exec-6] o.s.security.web.FilterChainProxy        : Secured GET /api/admin/products
2025-11-29T20:35:55.749+09:00 DEBUG 8096 --- [http-nio-8080-exec-9] o.s.security.web.FilterChainProxy        : Securing GET /api/admin/products
2025-11-29T20:35:55.751+09:00 DEBUG 8096 --- [http-nio-8080-exec-9] o.s.s.w.a.AnonymousAuthenticationFilter  : Set SecurityContextHolder to anonymous SecurityContext
2025-11-29T20:35:55.754+09:00 DEBUG 8096 --- [http-nio-8080-exec-9] o.s.security.web.FilterChainProxy        : Secured GET /api/admin/products
2025-11-29T20:36:47.531+09:00 DEBUG 8096 --- [http-nio-8080-exec-4] o.s.security.web.FilterChainProxy        : Securing GET /api/admin/products
2025-11-29T20:36:47.532+09:00 DEBUG 8096 --- [http-nio-8080-exec-4] o.s.s.w.a.AnonymousAuthenticationFilter  : Set SecurityContextHolder to anonymous SecurityContext
2025-11-29T20:36:47.532+09:00 DEBUG 8096 --- [http-nio-8080-exec-4] o.s.security.web.FilterChainProxy        : Secured GET /api/admin/products
2025-11-29T20:37:37.258+09:00 DEBUG 8096 --- [http-nio-8080-exec-8] o.s.security.web.FilterChainProxy        : Securing GET /api/admin/products
2025-11-29T20:37:37.259+09:00 DEBUG 8096 --- [http-nio-8080-exec-8] o.s.s.w.a.AnonymousAuthenticationFilter  : Set SecurityContextHolder to anonymous SecurityContext
2025-11-29T20:37:37.259+09:00 DEBUG 8096 --- [http-nio-8080-exec-8] o.s.security.web.FilterChainProxy        : Secured GET /api/admin/products
2025-11-29T20:37:50.097+09:00 DEBUG 8096 --- [http-nio-8080-exec-10] o.s.security.web.FilterChainProxy        : Securing GET /api/admin/products
2025-11-29T20:37:50.098+09:00 DEBUG 8096 --- [http-nio-8080-exec-10] o.s.s.w.a.AnonymousAuthenticationFilter  : Set SecurityContextHolder to anonymous SecurityContext
2025-11-29T20:37:50.098+09:00 DEBUG 8096 --- [http-nio-8080-exec-10] o.s.security.web.FilterChainProxy        : Secured GET /api/admin/products
2025-11-29T20:39:20.315+09:00 DEBUG 8096 --- [http-nio-8080-exec-2] o.s.security.web.FilterChainProxy        : Securing GET /api/admin/products
2025-11-29T20:39:20.316+09:00 DEBUG 8096 --- [http-nio-8080-exec-2] o.s.s.w.a.AnonymousAuthenticationFilter  : Set SecurityContextHolder to anonymous SecurityContext
2025-11-29T20:39:20.316+09:00 DEBUG 8096 --- [http-nio-8080-exec-2] o.s.security.web.FilterChainProxy        : Secured GET /api/admin/products
2025-11-29T20:40:18.163+09:00  INFO 8096 --- [SpringApplicationShutdownHook] j.LocalContainerEntityManagerFactoryBean : Closing JPA EntityManagerFactory for persistence unit 'default'
2025-11-29T20:40:18.167+09:00  INFO 8096 --- [SpringApplicationShutdownHook] com.zaxxer.hikari.HikariDataSource       : HikariPool-1 - Shutdown initiated...
2025-11-29T20:40:18.171+09:00  INFO 8096 --- [SpringApplicationShutdownHook] com.zaxxer.hikari.HikariDataSource       : HikariPool-1 - Shutdown completed.
